150, -0.1534, 0.1534
150, 0.1534, 0.0767
150, 0.0767, -0.0767
150, -0.0767, -0.1534
150, -0.1534, -0.0767
150, 0.1534, -0.1534
150, 0.0000, -0.1534
150, -0.1534, 0.0767
150, 0.0000, 0.0000
150, 0.0000, 0.0000
150, 0.0000, -0.1534
150, -0.1534, -0.2301
150, -0.0767, -0.0767
150, -0.3068, 0.0000
150, -0.2301, -0.1534
150, 0.0767, -0.0767
150, 0.0000, -0.1534
150, 0.3835, -0.0767
150, 0.3068, -0.0767
150, 0.1534, -0.3068
150, 0.0767, -0.0767
150, -0.0767, 0.1534
150, 0.0000, 0.0000
150, 0.0767, -0.0767
150, 0.0767, 0.0000
150, 0.0000, -0.0767
150, 0.1534, 0.0000
150, 0.0000, 0.3068
150, 0.0000, -0.1534
150, -0.1534, 0.3835
150, 0.0000, 0.0000
150, 0.3068, 0.2301
150, 0.0000, 0.0767
150, -0.3068, 0.0767
150, 0.0767, 0.1534
150, 0.0767, -0.1534
150, -0.0767, 0.0000
150, 0.0000, -0.0767
150, 0.0000, 0.0000
150, 0.0767, 0.0000
150, 0.0000, 0.0767
150, 0.0767, -0.1534
150, -0.2301, 0.0000
150, -0.2301, 0.0000
150, 0.0000, 0.1534
150, -0.0767, -0.0767
150, 0.1534, 0.0767
150, 0.0000, 0.0000
150, -0.0767, -0.0767
150, -0.0767, -0.2301
150, 0.0767, -0.0767
150, 0.0767, 0.0000
150, 0.0767, -0.0767
150, -0.1534, 0.0000
150, 0.1534, 0.3835
150, -0.2301, -0.0767
150, 0.0000, -0.3068
150, 0.0000, -0.2301
150, -0.3068, 0.0767
150, -0.1534, 0.1534
150, 0.3068, -0.0767
150, 0.1534, -0.0767
150, 0.0000, -0.1534
150, -0.1534, -0.1534
150, -0.0767, -0.1534
150, 0.0767, -0.0767
150, 0.0767, -0.0767
150, 0.1534, 0.1534
150, 0.1534, -0.3068
150, -0.2301, 0.0767
150, -0.1534, 0.0000
150, -0.1534, 0.0000
150, 0.0767, 0.2301
150, 0.0000, 0.0000
150, 0.0767, 0.3068
150, 0.1534, -0.1534
150, -0.1534, -0.0767
150, -0.1534, 0.0767
150, 0.2301, -0.2301
150, -0.1534, -0.2301
150, 0.0000, 0.1534
150, 0.1534, -0.1534
150, 0.2301, 0.0767
150, -0.0767, 0.0767
150, 0.0000, 0.0000
150, 0.0767, -0.0767
150, -0.1534, -0.0767
150, 0.0000, 0.0000
150, -0.0767, 0.0000
150, -0.1534, 0.0767
150, 0.0767, 0.3835
150, 0.3068, -0.2301
150, 0.0767, 0.0000
150, 0.0000, 0.0767
150, 0.0767, 0.1534
150, 0.0767, -0.0767
150, 0.0000, 0.1534
150, -0.0767, 0.2301
150, -0.0767, -0.1534
150, 0.2301, 0.2301
150, -0.3068, 0.3068
150, 0.0767, 0.0000
150, 0.0000, 0.1534
150, -0.2301, 0.1534
150, -0.1534, 0.0767
150, 0.0767, -0.1534
150, -0.0767, -0.1534
150, 0.0767, 0.0000
150, 0.0767, -0.3068
150, 0.0767, 0.0000
150, -0.0767, -0.3068
150, -0.0767, 0.2301
150, -0.0767, -0.0767
150, 0.0767, -0.0767
150, -0.2301, 0.0767
150, 0.0767, -0.0767
150, 0.0000, -0.1534
150, 0.2301, 0.2301
150, 0.1534, 0.0767
150, -0.0767, -0.2301
150, -0.1534, 0.0000
150, -0.0767, -0.1534
150, -0.2301, -0.0767
150, -0.2301, 0.0767
150, 0.1534, 0.4602
150, -0.0767, 0.1534
150, 0.0000, 0.0000
150, -0.0767, 0.1534
150, 0.0000, 0.3068
150, -0.0767, -0.2301
150, 0.0767, 0.1534
150, -0.0767, -0.1534
150, 0.0000, 0.0767
150, 0.0767, 0.1534
150, 0.1534, 0.0767
150, 0.0000, 0.0767
150, -0.3068, -0.0767
150, 0.0767, 0.0767
150, 0.0000, 0.0000
150, 0.0000, 0.1534
150, -0.1534, 0.0000
150, -0.0767, 0.1534
150, 0.0000, -0.0767
150, -0.3068, 0.3068
150, 0.0767, -0.0767
150, -0.0767, -0.0767
150, 0.0767, -0.0767
150, 0.0000, -0.0767
150, -0.0767, 0.0000
150, 0.2301, 0.1534
150, 0.1534, -0.1534
150, 0.1534, 0.2301
150, 0.0767, -0.0767
150, 0.2301, 0.0000
150, -0.1534, -0.1534
150, -0.1534, 0.0767
150, 0.2301, -0.0767
150, 0.1534, 0.0000
150, 0.0767, -0.0767
150, 0.0767, 0.0000
150, 0.0000, 0.0767
150, -0.0767, 0.0000
150, -0.0767, 0.0767
150, 0.0767, 0.0000
150, 0.0000, -0.1534
150, 0.0000, 0.0000
150, 0.2301, -0.2301
150, -0.0767, -0.1534
150, 0.1534, 0.1534
150, 0.1534, 0.0000
150, -0.1534, -0.0767
150, -0.0767, 0.0767
150, -0.0767, -0.1534
150, 0.0767, 0.0000
150, -0.0767, 0.0000
150, 0.0000, 0.0767
150, -0.1534, 0.0767
150, -0.4602, 0.0000
150, 0.1534, 0.0767
150, 0.3068, -0.0767
150, -0.1534, -0.2301
150, -0.1534, 0.0767
150, 0.0000, 0.0000
150, 0.0767, -0.3068
150, 0.2301, 0.0767
150, 0.0767, 0.0000
150, -0.1534, -0.0767
150, -0.0767, 0.1534
150, 0.0000, 0.0000
150, 0.0000, -0.0767
150, -0.1534, -0.2301
150, 0.2301, 0.0000
150, 0.0767, -0.1534
150, 0.3068, 0.0000
150, 0.0767, 0.0767
150, 0.0767, 0.0767
150, -0.2301, 0.0000
150, -0.0767, 0.1534
150, 0.0000, 0.0767
155, -368.9224, -124.5592
155, 0.0767, 0.0767
155, 0.0000, 0.1534
155, 0.3068, 0.0000
155, 0.1534, -0.0767
155, 0.1534, 0.0767
155, 0.0000, 0.2301
155, 0.0767, 0.1534
155, 0.0000, 0.1534
155, -0.0767, 0.0000
155, 0.0000, 0.1534
155, -0.0767, -0.1534
155, 0.2301, -0.1534
155, 0.1534, -0.0767
155, 0.1534, 0.3068
155, -0.0767, -0.3835
155, -0.0767, 0.0000
155, -0.0767, 0.0000
155, 0.1534, -0.1534
155, 0.0000, 0.0000
155, -0.0767, -0.1534
155, 0.1534, 0.1534
155, -0.1534, 0.0000
155, -0.0767, 0.0000
155, 0.0000, 0.0767
155, 0.1534, 0.3068
155, -0.0767, -0.0767
155, -0.0767, 0.0000
155, 0.0767, 0.1534
155, -0.1534, -0.1534
155, 0.0000, -0.1534
155, 0.0767, 0.0767
155, 0.1534, 0.1534
155, -0.1534, -0.1534
155, -0.0767, 0.0767
155, 0.0767, -0.2301
155, 0.0767, 0.1534
155, 0.0000, 0.0767
155, -0.0767, 0.1534
155, 0.0767, 0.1534
155, 0.0000, -0.0767
155, 0.0000, -0.1534
155, -0.0767, -0.2301
155, -0.0767, -0.0767
155, 0.0767, 0.0767
155, 0.0767, 0.2301
155, 0.0767, 0.2301
155, -0.0767, -0.0767
155, 0.1534, -0.2301
155, -0.1534, -0.1534
155, -0.1534, -0.0767
155, 0.0000, 0.0000
155, 0.3835, 0.1534
155, -0.1534, -0.1534
155, -0.3068, 0.2301
155, 0.0000, -0.2301
155, 0.0767, 0.0767
155, 0.0767, -0.1534
155, -0.2301, -0.0767
155, 0.0767, 0.0000
155, -0.0767, -0.0767
155, 0.1534, 0.0000
155, 0.0000, -0.1534
155, 0.0000, -0.0767
155, -0.1534, -0.3068
155, -0.0767, -0.0767
155, -0.0767, -0.0767
155, 0.0767, -0.0767
155, 0.2301, 0.0767
155, 0.0000, 0.0000
155, 0.0767, 0.2301
155, -0.1534, 0.1534
155, 0.1534, 0.0000
155, 0.2301, 0.0767
155, -0.0767, 0.0000
155, -0.1534, -0.1534
155, 0.0000, 0.0767
155, 0.1534, 0.2301
155, -0.0767, 0.0767
155, 0.0000, 0.1534
155, -0.1534, -0.1534
155, 0.1534, 0.0767
155, 0.0000, 0.2301
155, 0.2301, -0.1534
155, -0.3835, 0.0767
155, -0.2301, 0.2301
155, 0.0000, -0.0767
155, 0.3068, -0.1534
155, 0.0000, -0.1534
155, 0.1534, -0.1534
155, 0.0000, -0.1534
155, 0.1534, -0.0767
155, 0.0767, -0.0767
155, -0.0767, 0.0000
155, 0.0000, 0.0000
155, 0.1534, 0.1534
155, 0.0767, -0.0767
155, 0.0767, 0.0000
155, -0.0767, -0.2301
155, 0.0000, 0.3068
155, -0.1534, -0.1534
155, -0.1534, -0.1534
155, 0.0767, 0.1534
155, 0.0767, 0.1534
155, 0.1534, 0.0767
155, -0.0767, -0.3068
155, 0.0000, -0.0767
155, -0.0767, -0.1534
155, 0.0767, 0.0000
155, -0.1534, 0.1534
155, -0.1534, -0.0767
155, 0.0000, -0.0767
155, -0.0767, 0.0767
155, -0.2301, 0.1534
155, 0.0000, -0.2301
155, 0.0767, -0.1534
155, 0.0000, 0.2301
155, -0.1534, -0.0767
155, -0.0767, 0.0000
155, 0.2301, 0.1534
155, -0.0767, 0.2301
155, 0.0767, 0.0000
155, 0.0000, 0.1534
155, 0.0767, 0.0000
155, -0.0767, 0.0000
155, 0.0000, -0.1534
155, 0.0000, -0.1534
155, -0.1534, 0.1534
155, -0.2301, -0.2301
155, -0.0767, 0.1534
155, -0.0767, 0.0000
155, -0.1534, -0.0767
155, 0.0767, -0.0767
155, 0.1534, 0.2301
155, 0.0000, -0.0767
155, -0.2301, -0.0767
155, -0.2301, -0.1534
155, 0.5369, -0.3068
155, 0.0000, -0.0767
155, -0.2301, -0.0767
155, 0.0767, 0.1534
155, -0.2301, -0.0767
155, 0.1534, 0.0000
155, -0.1534, -0.1534
155, 0.4602, 0.0000
155, 0.1534, 0.1534
155, -0.3068, 0.0000
155, 0.1534, -0.0767
155, -0.2301, -0.1534
155, -0.2301, 0.0000
155, 0.0767, 0.0767
155, -0.0767, -0.1534
155, -0.3068, 0.0767
155, 0.0000, 0.0000
155, 0.1534, 0.1534
155, 0.0000, 0.0767
155, 0.0767, -0.0767
155, -0.0767, 0.2301
155, -0.0767, 0.0000
155, -0.2301, 0.0000
155, 0.0000, -0.0767
155, -0.2301, -0.2301
155, 0.0767, 0.0767
155, 0.1534, -0.0767
155, 0.0000, -0.0767
155, 0.0000, -0.2301
155, -0.0767, -0.2301
155, 0.0767, -0.3835
155, -0.3068, -0.0767
155, 0.0767, 0.0767
155, -0.1534, -0.1534
155, -0.3068, 0.1534
155, 0.0000, 0.0000
155, 0.0000, 0.1534
155, 0.0000, -0.1534
155, 0.1534, 0.2301
155, -0.0767, 0.0000
155, 0.0767, 0.0000
155, 0.0000, 0.1534
155, 0.0000, 0.3068
155, 0.0000, 0.0000
155, -0.0767, 0.1534
155, -0.1534, 0.0000
155, -0.1534, 0.0767
155, 0.0767, -0.0767
155, 0.0000, -0.1534
155, -0.0767, 0.1534
155, -0.2301, 0.0767
155, 0.1534, 0.0000
155, 0.0000, 0.0000
155, -0.1534, -0.0767
155, -0.1534, -0.0767
155, 0.1534, -0.0767
155, 0.0000, -0.3835
155, 0.0000, 0.0767
155, 0.1534, 0.0767
155, 0.0000, 0.1534
155, 0.0000, 0.1534
155, 0.0000, 0.3068
155, 0.0000, 0.0767
160, -368.8457, -124.5592
160, 0.0767, -0.0767
160, 0.0000, 0.0767
160, 0.0000, 0.0000
160, 0.2301, 0.0767
160, -0.1534, 0.1534
160, 0.0767, -0.0767
160, 0.0767, 0.0000
160, 0.0767, -0.0767
160, -0.2301, -0.0767
160, 0.0767, 0.0000
160, 0.3835, 0.0767
160, 0.0767, -0.1534
160, 0.0000, -0.0767
160, -0.0767, -0.0767
160, 0.0767, 0.0000
160, -0.1534, -0.1534
160, 0.3835, -0.3068
160, 0.0767, 0.1534
160, -0.0767, -0.1534
160, -0.3068, 0.0767
160, -0.0767, 0.0767
160, 0.0000, 0.0767
160, 0.0767, 0.0767
160, 0.0000, -0.0767
160, 0.0767, 0.0000
160, 0.1534, 0.0767
160, 0.1534, 0.3068
160, 0.0000, 0.3068
160, -0.1534, 0.1534
160, -0.2301, 0.0000
160, 0.0767, -0.1534
160, 0.3068, -0.0767
160, 0.1534, 0.0000
160, 0.2301, -0.1534
160, 0.1534, 0.1534
160, 0.0000, 0.2301
160, -0.0767, 0.1534
160, -0.4602, 0.0000
160, 0.0767, -0.1534
160, 0.0000, -0.2301
160, 0.1534, 0.1534
160, -0.2301, 0.1534
160, 0.0000, -0.0767
160, 0.2301, 0.2301
160, -0.0767, -0.0767
160, 0.0767, 0.4602
160, 0.2301, -0.0767
160, -0.1534, 0.0000
160, -0.2301, 0.2301
160, 0.1534, -0.0767
160, 0.0767, 0.0000
160, 0.2301, 0.1534
160, 0.0767, 0.0000
160, -0.1534, 0.0767
160, 0.3068, 0.0000
160, -0.1534, -0.3068
160, -0.0767, 0.0767
160, -0.0767, -0.2301
160, -0.1534, -0.1534
160, 0.0767, -0.0767
160, -0.1534, 0.1534
160, -0.0767, -0.1534
160, 0.0000, 0.3068
160, -0.1534, 0.0767
160, -0.0767, 0.0000
160, -0.0767, 0.0000
160, 0.0000, 0.0767
160, -0.2301, 0.0000
160, -0.1534, 0.0000
160, -0.0767, 0.0767
160, 0.2301, -0.1534
160, -0.2301, -0.0767
160, -0.0767, 0.0767
160, 0.1534, 0.1534
160, 0.1534, 0.0000
160, -0.1534, 0.2301
160, 0.0000, 0.2301
160, 0.3068, 0.0767
160, -0.1534, -0.1534
160, -0.0767, 0.0000
160, -0.0767, 0.0000
160, 0.0000, -0.0767
160, 0.0767, -0.2301
160, 0.0000, 0.0767
160, -0.0767, -0.0767
160, 0.0000, -0.0767
160, 0.0767, 0.0000
160, 0.1534, 0.2301
160, 0.3068, -0.1534
160, 0.1534, 0.0000
160, -0.3068, -0.1534
160, 0.2301, 0.1534
160, 0.0767, 0.2301
160, -0.1534, 0.1534
160, -0.1534, 0.2301
160, 0.0767, -0.1534
160, 0.0000, 0.2301
160, 0.0767, -0.0767
160, 0.0767, -0.2301
160, -0.1534, 0.0000
160, 0.0000, 0.0000
160, -0.1534, -0.1534
160, 0.1534, 0.0767
160, -0.0767, 0.3835
160, 0.0000, 0.1534
160, 0.0767, -0.1534
160, 0.0767, -0.0767
160, 0.0767, 0.3835
160, 0.0767, -0.0767
160, 0.1534, -0.1534
160, -0.0767, 0.1534
160, 0.0000, 0.0767
160, -0.0767, -0.1534
160, 0.3068, -0.0767
160, 0.0767, -0.0767
160, 0.1534, 0.0000
160, 0.0000, 0.0767
160, 0.1534, 0.1534
160, 0.0767, -0.2301
160, -0.0767, 0.1534
160, 0.0000, 0.0000
160, 0.0767, -0.0767
160, 0.0000, 0.2301
160, -0.0767, -0.1534
160, 0.0767, -0.1534
160, 0.0767, 0.0767
160, 0.0767, 0.0000
160, 0.0767, 0.0767
160, 0.0767, -0.1534
160, 0.0767, 0.1534
160, 0.2301, -0.0767
160, 0.3068, -0.0767
160, -0.1534, 0.0000
160, -0.0767, 0.0767
160, -0.2301, 0.2301
160, -0.2301, -0.2301
160, -0.1534, 0.1534
160, 0.2301, 0.2301
160, 0.0000, 0.0000
160, 0.0767, -0.0767
160, 0.2301, 0.0000
160, 0.0767, 0.0000
160, -0.3835, -0.0767
160, 0.0767, 0.0767
160, -0.0767, 0.0767
160, 0.2301, -0.0767
160, -0.1534, 0.0000
160, 0.1534, -0.1534
160, -0.3068, -0.0767
160, 0.0767, -0.1534
160, 0.2301, 0.0000
160, 0.0767, -0.0767
160, -0.1534, 0.0767
160, 0.0767, 0.0000
160, 0.0767, -0.1534
160, 0.1534, 0.2301
160, -0.0767, 0.0000
160, -0.2301, 0.0767
160, 0.0000, 0.0767
160, -0.1534, 0.0000
160, -0.0767, 0.0000
160, 0.0000, 0.0000
160, 0.0767, 0.3068
160, 0.1534, -0.2301
160, 0.0767, 0.0767
160, -0.1534, 0.0767
160, 0.2301, 0.0767
160, 0.0000, 0.0000
160, -0.0767, 0.0000
160, 0.1534, 0.3835
160, -0.0767, 0.0767
160, 0.0000, -0.0767
160, -0.2301, 0.0767
160, -0.1534, 0.0000
160, -0.0767, -0.0767
160, -0.0767, 0.1534
160, 0.0767, 0.2301
160, 0.0767, 0.0000
160, 0.3068, 0.0767
160, 0.0000, -0.0767
160, 0.0000, -0.1534
160, 0.0000, -0.0767
160, -0.1534, -0.0767
160, 0.0767, 0.1534
160, 0.0000, -0.0767
160, 0.0767, -0.1534
160, 0.0000, -0.2301
160, 0.0000, 0.0767
160, 0.0767, 0.0767
160, -0.2301, 0.0000
160, -0.0767, -0.1534
160, 0.0000, 0.0000
160, 0.0000, -0.3068
160, 0.0000, -0.0767
160, -0.1534, 0.0000
160, -0.0767, -0.0767
160, 0.1534, 0.0767
160, -0.1534, -0.0767
160, 0.1534, 0.0767
165, -368.8457, -124.4825
165, 0.0767, 0.0767
165, 0.0000, -0.0767
165, 0.0000, 0.3068
165, 0.0767, -0.1534
165, 0.0000, 0.0767
165, 0.0000, -0.3068
165, 0.1534, 0.3068
165, 0.4602, 0.0767
165, -0.1534, 0.0000
165, 0.1534, -0.0767
165, 0.0000, -0.2301
165, -0.0767, 0.0000
165, 0.0000, -0.0767
165, 0.0767, -0.1534
165, -0.0767, 0.0767
165, -0.0767, 0.0767
165, 0.0767, -0.3068
165, 0.0000, -0.0767
165, 0.0000, 0.0000
165, -0.0767, 0.0767
165, -0.0767, -0.1534
165, 0.3068, 0.0767
165, -0.2301, 0.2301
165, 0.0767, -0.0767
165, -0.3068, -0.0767
165, 0.1534, -0.3068
165, 0.1534, -0.0767
165, -0.0767, -0.0767
165, -0.0767, 0.0000
165, -0.0767, 0.1534
165, 0.0767, 0.0000
165, -0.0767, 0.3068
165, -0.2301, -0.1534
165, -0.1534, 0.0767
165, 0.1534, 0.0000
165, -0.2301, 0.2301
165, -0.0767, 0.1534
165, -0.0767, -0.1534
165, 0.0000, -0.0767
165, 0.0000, 0.0000
165, 0.4602, -0.0767
165, 0.0767, 0.0767
165, 0.0767, -0.1534
165, 0.0000, 0.0000
165, 0.0767, 0.1534
165, 0.2301, 0.0767
165, -0.2301, 0.0000
165, 0.1534, 0.0767
165, -0.0767, 0.0000
165, 0.0767, 0.2301
165, 0.0767, -0.2301
165, 0.3835, -0.3835
165, 0.0767, 0.0000
165, 0.1534, -0.1534
165, 0.0000, 0.0767
165, -0.1534, -0.0767
165, 0.0767, 0.0000
165, 0.0767, -0.1534
165, 0.1534, 0.0000
165, -0.3068, 0.2301
165, 0.3068, 0.0000
165, 0.0000, 0.0000
165, 0.1534, 0.0767
165, -0.0767, 0.2301
165, 0.3068, 0.0000
165, 0.0767, -0.0767
165, -0.3068, 0.3835
165, 0.1534, -0.1534
165, 0.0767, -0.2301
165, 0.3068, -0.2301
165, 0.0000, 0.0767
165, 0.0767, -0.3068
165, 0.0000, -0.2301
165, 0.1534, 0.1534
165, -0.2301, -0.3835
165, 0.1534, 0.1534
165, -0.0767, 0.0767
165, 0.0767, 0.0000
165, 0.0767, -0.1534
165, 0.0000, -0.1534
165, -0.0767, 0.0000
165, 0.0000, 0.0000
165, 0.1534, 0.0767
165, -0.2301, -0.0767
165, 0.0767, 0.0000
165, 0.0767, 0.0767
165, -0.1534, 0.0767
165, 0.0000, 0.0000
165, 0.0767, 0.0000
165, -0.0767, 0.1534
165, -0.2301, 0.0767
165, 0.3068, -0.1534
165, -0.0767, 0.0767
165, -0.0767, 0.0000
165, -0.0767, -0.2301
165, 0.0767, 0.0000
165, -0.1534, 0.0767
165, -0.1534, -0.0767
165, -0.0767, -0.0767
165, 0.1534, -0.0767
165, -0.3835, 0.0767
165, -0.3068, -0.0767
165, 0.1534, -0.2301
165, -0.3835, 0.0767
165, -0.0767, 0.0000
165, 0.0767, 0.0000
165, 0.0000, 0.1534
165, -0.0767, -0.1534
165, 0.3068, -0.0767
165, -0.3068, 0.1534
165, -0.2301, -0.0767
165, 0.0000, -0.0767
165, 0.0000, 0.1534
165, -0.3068, 0.0000
165, 0.0767, -0.0767
165, 0.0767, 0.0000
165, 0.1534, -0.0767
165, 0.3068, -0.2301
165, 0.3068, 0.2301
165, 0.3835, 0.0000
165, -0.1534, 0.1534
165, 0.0000, -0.1534
165, -0.0767, -0.0767
165, -0.1534, -0.2301
165, 0.1534, 0.0767
165, 0.0767, -0.0767
165, -0.1534, -0.1534
165, -0.0767, 0.0767
165, 0.0767, 0.2301
165, -0.0767, -0.2301
165, -0.2301, 0.0767
165, -0.0767, -0.0767
165, 0.0000, -0.2301
165, 0.0000, 0.3068
165, -0.2301, -0.0767
165, 0.0767, -0.0767
165, 0.0767, 0.2301
165, 0.0767, 0.0000
165, -0.2301, 0.0000
165, -0.0767, 0.0000
165, -0.0767, 0.0000
165, 0.0767, 0.1534
165, 0.0767, 0.0767
165, 0.0000, 0.3068
165, -0.2301, 0.1534
165, 0.1534, -0.4602
165, -0.1534, 0.0767
165, 0.0767, -0.0767
165, 0.1534, -0.1534
165, 0.0767, 0.2301
165, 0.2301, 0.0000
165, -0.0767, -0.0767
165, 0.0000, -0.0767
165, 0.1534, -0.0767
165, 0.0767, 0.0000
165, -0.0767, -0.0767
165, 0.1534, 0.2301
165, 0.0000, -0.1534
165, -0.2301, -0.1534
165, 0.2301, 0.0000
165, 0.1534, -0.0767
165, 0.0767, 0.0000
165, 0.0000, -0.0767
165, -0.0767, 0.0000
165, -0.0767, 0.0000
165, 0.3835, 0.0000
165, 0.0000, 0.0767
165, 0.1534, -0.1534
165, 0.0000, -0.0767
165, -0.0767, 0.0000
165, 0.0000, 0.0767
165, 0.0000, -0.1534
165, -0.0767, 0.0767
165, -0.2301, 0.0000
165, -0.1534, 0.2301
165, 0.0000, 0.0767
165, 0.0000, 0.0767
165, 0.0000, 0.1534
165, 0.0000, 0.0767
165, 0.0767, -0.0767
165, 0.0000, 0.0767
165, 0.0000, 0.1534
165, 0.0000, 0.0000
165, -0.1534, -0.2301
165, -0.0767, -0.0767
165, -0.0767, 0.0000
165, 0.0767, 0.0767
165, 0.0000, 0.0000
165, 0.0000, 0.0767
165, 0.1534, 0.0000
165, 0.0000, 0.3068
165, -0.0767, 0.0000
165, -0.3068, -0.0767
165, 0.1534, 0.1534
165, 0.0767, 0.0000
165, -0.0767, -0.0767
165, 0.1534, 0.0000
165, -0.0767, 0.0000
165, 0.0000, -0.0767
170, -368.9991, -124.5592
170, -0.2301, -0.1534
170, -0.0767, -0.3068
170, 0.0767, -0.2301
170, -0.1534, 0.0000
170, 0.0767, -0.0767
170, 0.0000, -0.1534
170, 0.0000, -0.2301
170, 0.1534, -0.1534
170, 0.0767, -0.0767
170, 0.0767, 0.2301
170, -0.0767, 0.0000
170, -0.0767, 0.0767
170, -0.0767, -0.1534
170, -0.0767, -0.0767
170, -0.2301, 0.0000
170, 0.1534, 0.0767
170, 0.1534, -0.0767
170, 0.3068, 0.0000
170, 0.2301, 0.0767
170, -0.0767, -0.0767
170, 0.0000, -0.2301
170, 0.0767, 0.1534
170, -0.1534, 0.0767
170, 0.2301, 0.2301
170, -0.0767, 0.0000
170, 0.2301, 0.0000
170, -0.1534, 0.0000
170, 0.0000, -0.0767
170, 0.0767, 0.0000
170, -0.1534, 0.1534
170, 0.0767, -0.2301
170, -0.3068, 0.0767
170, -0.0767, -0.0767
170, -0.0767, -0.0767
170, 0.1534, 0.0000
170, 0.0000, -0.1534
170, 0.0000, -0.0767
170, -0.0767, -0.1534
170, -0.2301, -0.0767
170, -0.0767, 0.0000
170, 0.0000, -0.1534
170, 0.0767, -0.0767
170, 0.0000, -0.0767
170, -0.2301, 0.0000
170, -0.0767, 0.1534
170, 0.1534, 0.0767
170, 0.0000, 0.0767
170, 0.0767, -0.2301
170, -0.1534, 0.0000
170, 0.3068, 0.1534
170, -0.0767, 0.0767
170, 0.0767, 0.0767
170, -0.0767, 0.0000
170, -0.1534, 0.0767
170, 0.2301, 0.0000
170, -0.0767, -0.0767
170, -0.0767, 0.0767
170, -0.1534, -0.1534
170, 0.1534, 0.0767
170, 0.2301, -0.0767
170, 0.3068, -0.2301
170, 0.2301, 0.0000
170, 0.0767, 0.1534
170, -0.0767, 0.0000
170, 0.0000, 0.0000
170, 0.0000, 0.0767
170, -0.2301, -0.1534
170, -0.3068, -0.1534
170, -0.0767, 0.1534
170, -0.0767, -0.1534
170, -0.1534, 0.2301
170, 0.0767, -0.1534
170, -0.2301, 0.0767
170, 0.0767, 0.0000
170, 0.0000, 0.1534
170, 0.1534, 0.1534
170, 0.0000, -0.0767
170, -0.1534, 0.1534
170, -0.3068, 0.0767
170, 0.1534, -0.2301
170, 0.1534, 0.2301
170, -0.1534, 0.0767
170, 0.0000, 0.0000
170, -0.1534, 0.1534
170, 0.2301, -0.0767
170, 0.3068, -0.0767
170, 0.0767, 0.0000
170, 0.0767, -0.0767
170, 0.2301, -0.2301
170, 0.1534, -0.1534
170, 0.1534, 0.0000
170, 0.0000, 0.0000
170, -0.1534, 0.1534
170, -0.0767, 0.0767
170, 0.0767, -0.0767
170, -0.3068, 0.0767
170, -0.0767, 0.0767
170, 0.0000, 0.0000
170, 0.0000, 0.1534
170, 0.1534, -0.1534
170, 0.0000, -0.1534
170, -0.1534, -0.2301
170, 0.0767, 0.2301
170, 0.0767, -0.0767
170, 0.0000, -0.1534
170, 0.3068, 0.1534
170, -0.0767, -0.0767
170, 0.0767, 0.0000
170, 0.2301, 0.0767
170, 0.0000, -0.1534
170, -0.1534, 0.0000
170, 0.1534, -0.2301
170, 0.0767, 0.0767
170, 0.2301, 0.0000
170, 0.0767, 0.3068
170, 0.0000, -0.0767
170, -0.0767, 0.1534
170, -0.1534, 0.0767
170, 0.0767, 0.0767
170, 0.3068, 0.0000
170, 0.0000, 0.2301
170, 0.2301, 0.0000
170, 0.1534, 0.1534
170, -0.1534, -0.0767
170, 0.1534, 0.0767
170, 0.0000, 0.0767
170, 0.0767, 0.1534
170, -0.2301, 0.1534
170, -0.2301, 0.0767
170, 0.0767, -0.1534
170, 0.0767, 0.0767
170, 0.0767, 0.2301
170, -0.0767, 0.0000
170, -0.0767, -0.1534
170, -0.0767, 0.0000
170, -0.0767, 0.2301
170, 0.0000, 0.0000
170, -0.1534, 0.0000
170, 0.0000, -0.1534
170, 0.3068, 0.0767
170, 0.1534, 0.0000
170, 0.0000, 0.1534
170, 0.2301, -0.0767
170, 0.0000, 0.0000
170, 0.0767, 0.0767
170, 0.2301, -0.3068
170, -0.0767, 0.0767
170, 0.2301, 0.0000
170, -0.0767, 0.1534
170, -0.0767, -0.2301
170, 0.0000, -0.1534
170, -0.0767, -0.0767
170, 0.0000, -0.2301
170, 0.0000, -0.2301
170, 0.0767, 0.0767
170, 0.0000, 0.0000
170, -0.3068, -0.1534
170, 0.2301, 0.0767
170, -0.0767, -0.1534
170, 0.0000, 0.0000
170, -0.1534, 0.0767
170, 0.0000, 0.0000
170, -0.0767, 0.2301
170, -0.1534, 0.2301
170, 0.2301, 0.1534
170, 0.2301, 0.0767
170, -0.2301, -0.0767
170, -0.2301, 0.1534
170, 0.3835, 0.0767
170, -0.3068, -0.1534
170, 0.0000, 0.1534
170, -0.0767, -0.0767
170, 0.2301, 0.0767
170, 0.0000, -0.3068
170, -0.0767, 0.2301
170, -0.1534, -0.1534
170, -0.3068, -0.0767
170, -0.1534, 0.0767
170, 0.0000, 0.2301
170, 0.0767, -0.0767
170, 0.0767, 0.3068
170, -0.1534, 0.0000
170, 0.0000, 0.1534
170, -0.2301, 0.0000
170, -0.1534, -0.0767
170, 0.1534, 0.0767
170, 0.1534, -0.2301
170, 0.0767, -0.2301
170, 0.2301, -0.0767
170, 0.1534, 0.1534
170, 0.0000, -0.1534
170, 0.1534, -0.0767
170, 0.0767, 0.0767
170, 0.1534, -0.2301
170, -0.2301, -0.2301
170, 0.0000, 0.1534
170, 0.0000, 0.0767
170, 0.0000, 0.1534
170, 0.3068, -0.0767
175, -369.0758, -124.5592
175, 0.1534, -0.2301
175, 0.0000, -0.2301
175, 0.0000, -0.0767
175, 0.1534, 0.2301
175, 0.0000, 0.1534
175, 0.0000, -0.3068
175, 0.1534, 0.1534
175, 0.0767, 0.0767
175, -0.2301, -0.1534
175, -0.0767, 0.0767
175, -0.1534, 0.0000
175, -0.2301, -0.2301
175, -0.1534, 0.0767
175, 0.1534, -0.3068
175, -0.1534, 0.0767
175, 0.0000, 0.0000
175, 0.0000, 0.0000
175, 0.0767, 0.1534
175, 0.2301, 0.1534
175, -0.2301, -0.2301
175, -0.3068, 0.1534
175, 0.0767, 0.0767
175, 0.2301, 0.0000
175, -0.0767, -0.0767
175, -0.1534, 0.0000
175, 0.0000, 0.0767
175, -0.2301, 0.2301
175, 0.0767, 0.2301
175, -0.1534, -0.3835
175, 0.0000, 0.1534
175, 0.0767, -0.0767
175, -0.2301, 0.0000
175, -0.1534, -0.2301
175, -0.0767, -0.1534
175, -0.0767, 0.2301
175, 0.0767, 0.1534
175, 0.0767, -0.0767
175, 0.0000, 0.0767
175, 0.1534, 0.0767
175, 0.2301, 0.2301
175, -0.0767, 0.0767
175, 0.0767, 0.2301
175, 0.0767, 0.0767
175, -0.0767, -0.0767
175, 0.0000, -0.0767
175, 0.0767, 0.1534
175, 0.0767, 0.1534
175, 0.0767, 0.0000
175, -0.0767, 0.0000
175, 0.0767, 0.0767
175, -0.2301, -0.0767
175, 0.0767, 0.0000
175, -0.1534, -0.1534
175, 0.1534, -0.1534
175, 0.1534, -0.0767
175, 0.0000, 0.0000
175, 0.1534, 0.1534
175, 0.0000, 0.0767
175, 0.0000, -0.1534
175, 0.0767, 0.0000
175, 0.0000, -0.1534
175, 0.0000, 0.0767
175, 0.1534, -0.3068
175, -0.0767, 0.0000
175, -0.0767, -0.3068
175, -0.1534, -0.1534
175, 0.1534, 0.1534
175, 0.0000, 0.0767
175, -0.0767, 0.0767
175, 0.1534, 0.0000
175, -0.1534, -0.0767
175, -0.0767, -0.3068
175, 0.0000, 0.0767
175, 0.0000, 0.1534
175, 0.0000, -0.0767
175, -0.0767, 0.0000
175, 0.3835, 0.0767
175, 0.0767, -0.1534
175, -0.2301, -0.0767
175, -0.0767, 0.0767
175, 0.1534, 0.1534
175, 0.2301, -0.0767
175, 0.0767, -0.2301
175, -0.1534, 0.0767
175, 0.2301, 0.0000
175, 0.0000, 0.1534
175, 0.1534, 0.0767
175, -0.2301, -0.2301
175, 0.0000, -0.1534
175, -0.0767, 0.0000
175, 0.0767, -0.0767
175, -0.0767, 0.0000
175, 0.0000, -0.0767
175, 0.1534, 0.1534
175, 0.0000, 0.1534
175, 0.1534, 0.0000
175, 0.0000, 0.1534
175, 0.0767, -0.0767
175, 0.0000, 0.0767
175, 0.0767, 0.1534
175, 0.0000, 0.0000
175, 0.0000, -0.0767
175, -0.0767, 0.1534
175, 0.0767, 0.0767
175, 0.0000, 0.0000
175, 0.0000, -0.0767
175, -0.0767, 0.2301
175, 0.0000, 0.1534
175, -0.2301, 0.0000
175, 0.0000, 0.0000
175, 0.0000, 0.0767
175, 0.0767, 0.2301
175, 0.3068, 0.0000
175, 0.1534, -0.3068
175, -0.0767, 0.0000
175, 0.0000, 0.2301
175, 0.3068, -0.0767
175, 0.0000, 0.1534
175, -0.0767, -0.0767
175, 0.0767, 0.0767
175, 0.0000, -0.1534
175, 0.2301, -0.0767
175, -0.0767, -0.1534
175, 0.0767, 0.0000
175, 0.1534, 0.1534
175, 0.3068, -0.0767
175, -0.2301, 0.3068
175, 0.1534, 0.0767
175, 0.0767, -0.2301
175, 0.0767, 0.0000
175, 0.0767, -0.2301
175, 0.1534, 0.0767
175, -0.1534, -0.0767
175, -0.0767, -0.2301
175, -0.3068, -0.1534
175, 0.1534, 0.0767
175, 0.0000, 0.1534
175, 0.0767, 0.1534
175, 0.0767, 0.1534
175, 0.0000, 0.0000
175, -0.0767, -0.2301
175, -0.0767, 0.0767
175, 0.0000, 0.0767
175, 0.0000, -0.0767
175, 0.0767, 0.0000
175, 0.0000, 0.0000
175, 0.1534, 0.0767
175, 0.1534, -0.2301
175, 0.0000, 0.1534
175, -0.0767, -0.0767
175, 0.3835, -0.0767
175, -0.3068, 0.1534
175, 0.1534, 0.0000
175, -0.0767, 0.0767
175, -0.0767, 0.0767
175, -0.1534, -0.3068
175, 0.0767, 0.0767
175, 0.0000, 0.0000
175, -0.1534, 0.0000
175, -0.2301, -0.0767
175, 0.0000, 0.2301
175, 0.0767, -0.0767
175, 0.1534, 0.1534
175, -0.0767, 0.0767
175, 0.1534, -0.0767
175, -0.1534, 0.0767
175, 0.0000, 0.1534
175, 0.0767, 0.0767
175, 0.1534, -0.0767
175, 0.0767, -0.0767
175, -0.1534, -0.1534
175, -0.2301, 0.0000
175, 0.1534, 0.0000
175, -0.1534, -0.3068
175, 0.1534, 0.0000
175, 0.3835, -0.1534
175, 0.0000, 0.0767
175, -0.1534, -0.1534
175, -0.0767, 0.0000
175, 0.0767, 0.0767
175, -0.1534, -0.0767
175, -0.0767, -0.1534
175, 0.0000, 0.0767
175, -0.0767, -0.1534
175, 0.0000, -0.0767
175, -0.2301, 0.0767
175, 0.1534, 0.1534
175, 0.0767, -0.0767
175, -0.0767, -0.0767
175, -0.2301, 0.0000
175, -0.0767, -0.2301
175, 0.0767, 0.0767
175, -0.1534, -0.2301
175, 0.1534, 0.0767
175, 0.1534, 0.0000
175, 0.0000, -0.3068
175, -0.0767, 0.0767
175, -0.0767, 0.0000
175, 0.1534, 0.1534
180, -369.1525, -124.5592
180, -0.3068, -0.2301
180, 0.2301, -0.0767
180, -0.0767, -0.0767
180, 0.0000, -0.2301
180, 0.0000, 0.2301
180, -0.3068, 0.0000
180, 0.0000, 0.0767
180, -0.1534, -0.1534
180, -0.0767, -0.0767
180, 0.0767, 0.0767
180, 0.1534, 0.0767
180, 0.0767, 0.0000
180, 0.0767, -0.0767
180, 0.0767, 0.1534
180, -0.2301, -0.2301
180, -0.3068, -0.0767
180, -0.0767, 0.1534
180, 0.3068, 0.0000
180, 0.1534, 0.0000
180, 0.0000, 0.1534
180, 0.0000, 0.0767
180, 0.2301, -0.0767
180, -0.0767, 0.0000
180, 0.0000, 0.1534
180, -0.0767, -0.0767
180, 0.0000, 0.3068
180, 0.0767, -0.0767
180, -0.3068, 0.2301
180, 0.2301, 0.0000
180, 0.1534, 0.1534
180, -0.1534, 0.2301
180, 0.0767, 0.0767
180, 0.0000, -0.1534
180, 0.0000, -0.0767
180, 0.0000, 0.3835
180, -0.0767, 0.0000
180, 0.1534, -0.0767
180, -0.0767, 0.0000
180, 0.0767, 0.0000
180, 0.0000, 0.0000
180, 0.0000, -0.0767
180, 0.0767, 0.0767
180, -0.0767, 0.0767
180, -0.0767, -0.2301
180, -0.1534, -0.1534
180, 0.1534, 0.0000
180, 0.0767, -0.0767
180, -0.1534, 0.1534
180, 0.0767, 0.0000
180, -0.0767, 0.0000
180, 0.0767, 0.1534
180, 0.1534, -0.0767
180, -0.0767, -0.1534
180, 0.0000, -0.0767
180, -0.1534, 0.2301
180, -0.1534, 0.3068
180, -0.1534, 0.0000
180, -0.1534, 0.1534
180, -0.1534, 0.0767
180, -0.1534, 0.0767
180, 0.0767, 0.0767
180, 0.3068, 0.0767
180, -0.0767, 0.2301
180, -0.1534, -0.3068
180, 0.1534, 0.0767
180, 0.3068, 0.1534
180, -0.2301, 0.0000
180, 0.0000, -0.0767
180, 0.1534, 0.0767
180, 0.2301, 0.2301
180, 0.1534, 0.0000
180, -0.0767, -0.2301
180, -0.1534, 0.0767
180, 0.0000, 0.0000
180, -0.0767, -0.4602
180, 0.2301, -0.0767
180, -0.0767, -0.0767
180, -0.1534, -0.0767
180, 0.0767, -0.0767
180, 0.0767, -0.1534
180, -0.2301, 0.0000
180, 0.0000, -0.0767
180, -0.1534, -0.0767
180, 0.2301, -0.2301
180, -0.0767, -0.2301
180, 0.1534, 0.0000
180, -0.0767, 0.0000
180, -0.1534, 0.2301
180, -0.0767, 0.0000
180, -0.2301, 0.1534
180, -0.0767, 0.0767
180, 0.2301, 0.0767
180, 0.0000, 0.0000
180, 0.0000, -0.1534
180, 0.2301, 0.0000
180, -0.1534, -0.1534
180, 0.3068, 0.3068
180, 0.0767, -0.0767
180, -0.2301, -0.0767
180, 0.1534, -0.0767
180, -0.0767, 0.0000
180, -0.0767, 0.0767
180, 0.0767, 0.0000
180, -0.0767, -0.0767
180, -0.1534, 0.0000
180, -0.0767, -0.3068
180, 0.1534, -0.0767
180, -0.0767, 0.4602
180, 0.0000, -0.0767
180, 0.0000, 0.0000
180, 0.0767, 0.1534
180, -0.3068, -0.0767
180, -0.0767, 0.0000
180, 0.0000, -0.0767
180, 0.2301, -0.2301
180, -0.1534, -0.1534
180, 0.0767, 0.0767
180, -0.0767, 0.0767
180, 0.0767, 0.3068
180, -0.1534, -0.0767
180, 0.1534, 0.2301
180, 0.2301, 0.0767
180, 0.0767, -0.2301
180, -0.0767, 0.1534
180, 0.0000, 0.0000
180, 0.1534, 0.0000
180, -0.1534, 0.1534
180, -0.0767, 0.0000
180, 0.1534, -0.2301
180, -0.0767, -0.0767
180, -0.2301, 0.1534
180, -0.3068, -0.2301
180, -0.0767, 0.0767
180, 0.0000, 0.1534
180, 0.0000, 0.0000
180, 0.2301, -0.0767
180, 0.0000, -0.0767
180, 0.0000, -0.2301
180, -0.0767, -0.1534
180, 0.0767, -0.0767
180, 0.0000, 0.0000
180, 0.0000, 0.1534
180, 0.0000, 0.2301
180, 0.0767, 0.0767
180, 0.1534, 0.1534
180, -0.2301, 0.0767
180, 0.0000, 0.1534
180, -0.3068, 0.1534
180, 0.0000, 0.0000
180, 0.1534, -0.1534
180, -0.1534, 0.0767
180, 0.0000, -0.0767
180, 0.1534, 0.0767
180, -0.0767, 0.1534
180, 0.0767, -0.2301
180, -0.0767, -0.0767
180, -0.3068, -0.0767
180, 0.0767, -0.0767
180, -0.3068, -0.1534
180, 0.0767, -0.1534
180, 0.0767, 0.0000
180, -0.0767, 0.2301
180, 0.2301, 0.0000
180, 0.0000, 0.2301
180, 0.1534, -0.2301
180, 0.2301, 0.2301
180, 0.1534, 0.2301
180, 0.0000, -0.1534
180, -0.0767, 0.1534
180, 0.0767, 0.0767
180, 0.0767, -0.2301
180, -0.0767, -0.1534
180, -0.3068, 0.0767
180, 0.0767, 0.0000
180, 0.0767, -0.0767
180, 0.0000, 0.2301
180, 0.1534, -0.0767
180, -0.1534, 0.0000
180, 0.3068, -0.2301
180, 0.2301, 0.0000
180, -0.0767, 0.0000
180, 0.0767, 0.0000
180, 0.0767, -0.3068
180, 0.1534, -0.3068
180, 0.0000, -0.0767
180, 0.0767, 0.1534
180, -0.0767, -0.1534
180, -0.2301, -0.2301
180, 0.1534, 0.1534
180, -0.0767, -0.0767
180, -0.0767, 0.0000
180, 0.1534, 0.1534
180, 0.1534, -0.0767
180, -0.0767, 0.1534
180, -0.0767, 0.0000
180, 0.2301, 0.0767
180, -0.1534, 0.0767
180, -0.0767, -0.0767
180, 0.0000, 0.0767
185, -368.7690, -124.6359
185, 0.0000, -0.1534
185, -0.1534, -0.0767
185, -0.2301, 0.1534
185, 0.1534, -0.0767
185, 0.0000, -0.0767
185, -0.1534, -0.0767
185, 0.3068, -0.2301
185, 0.1534, 0.0767
185, 0.3835, 0.0767
185, 0.2301, 0.0000
185, 0.3835, -0.1534
185, 0.6136, 0.0767
185, 0.4602, 0.0000
185, 0.2301, 0.0767
185, 0.3068, 0.1534
185, 0.5369, 0.0767
185, 0.3835, -0.2301
185, 0.7670, -0.0767
185, 0.6136, -0.0767
185, 0.6903, -0.0767
185, 0.6136, -0.2301
185, 0.3068, 0.0767
185, 0.8437, -0.1534
185, 0.4602, 0.0767
185, 0.7670, 0.1534
185, 0.6903, -0.0767
185, 0.8437, -0.0767
185, 0.4602, 0.0767
185, 0.6903, 0.0000
185, 0.4602, -0.0767
185, 0.9204, -0.3068
185, 0.5369, -0.0767
185, 0.6136, 0.0000
185, 0.6903, -0.3068
185, 0.6136, 0.0000
185, 0.6136, 0.1534
185, 0.6136, 0.0767
185, 0.6136, 0.1534
185, 0.7670, -0.0767
185, 0.5369, 0.0000
185, 0.6903, 0.0000
185, 0.8437, 0.0000
185, 0.6903, 0.0000
185, 0.6136, -0.0767
185, 0.6136, 0.0767
185, 0.6903, -0.0767
185, 0.7670, 0.0767
185, 0.5369, 0.1534
185, 0.9971, -0.0767
185, 0.7670, 0.1534
185, 0.6903, 0.0000
185, 0.4602, 0.0000
185, 0.7670, 0.0000
185, 0.6136, 0.1534
185, 0.7670, 0.0767
185, 0.9971, -0.0767
185, 0.7670, 0.2301
185, 0.8437, -0.2301
185, 1.0738, 0.3068
185, 0.8437, -0.0767
185, 0.7670, 0.0767
185, 0.9204, 0.2301
185, 0.8437, 0.2301
185, 0.7670, 0.3835
185, 0.6136, 0.1534
185, 0.8437, 0.0767
185, 0.6903, 0.0000
185, 0.9204, 0.2301
185, 0.9971, 0.1534
185, 0.9204, 0.1534
185, 0.6903, 0.0000
185, 0.6903, 0.3068
185, 0.9971, 0.2301
185, 0.7670, -0.3068
185, 0.6903, 0.1534
185, 1.1505, 0.1534
185, 0.9204, 0.3068
185, 0.9204, 0.1534
185, 1.0738, 0.2301
185, 1.0738, 0.2301
185, 0.4602, 0.1534
185, 0.7670, 0.1534
185, 0.6903, 0.2301
185, 0.9204, 0.3068
185, 0.8437, -0.0767
185, 1.0738, 0.3068
185, 1.0738, 0.0767
185, 0.8437, 0.3068
185, 0.8437, 0.2301
185, 1.1505, 0.2301
185, 1.0738, 0.1534
185, 0.9204, 0.2301
185, 0.6903, 0.2301
185, 0.9971, 0.3068
185, 0.7670, 0.2301
185, 0.6136, 0.2301
185, 1.0738, 0.0767
185, 0.7670, 0.2301
185, 0.7670, 0.2301
185, 0.8437, 0.3068
185, 0.7670, 0.4602
185, 0.6903, 0.3068
185, 0.9204, 0.2301
185, 0.9971, 0.0000
185, 0.4602, 0.1534
185, 0.9204, 0.2301
185, 0.9971, 0.1534
185, 0.9971, 0.0767
185, 0.9204, 0.5369
185, 0.7670, 0.2301
185, 0.8437, 0.0767
185, 0.9971, 0.3835
185, 0.7670, 0.3835
185, 0.7670, 0.1534
185, 0.9971, 0.3068
185, 0.6903, 0.5369
185, 0.7670, 0.1534
185, 1.0738, -0.0767
185, 0.7670, -0.1534
185, 0.8437, 0.0000
185, 1.1505, 0.1534
185, 0.9204, 0.2301
185, 0.8437, 0.2301
185, 0.6903, 0.0767
185, 0.6903, 0.2301
185, 0.7670, 0.1534
185, 1.0738, 0.0767
185, 1.0738, 0.0767
185, 0.8437, 0.3835
185, 0.8437, 0.0767
185, 0.5369, 0.3835
185, 1.0738, 0.1534
185, 0.9971, 0.4602
185, 0.8437, 0.0767
185, 0.9971, 0.3068
185, 0.6136, 0.6136
185, 0.8437, 0.3068
185, 0.7670, 0.2301
185, 0.9971, 0.2301
185, 1.1505, 0.4602
185, 0.9204, 0.3068
185, 0.6903, 0.3835
185, 0.9204, 0.6136
185, 0.9971, 0.3068
185, 0.7670, 0.4602
185, 1.0738, 0.3835
185, 0.9204, 0.3068
185, 0.9971, 0.0767
185, 0.8437, 0.1534
185, 0.6136, 0.2301
185, 1.1505, 0.2301
185, 0.8437, 0.4602
185, 0.7670, 0.4602
185, 0.8437, 0.1534
185, 1.0738, 0.3068
185, 0.7670, 0.2301
185, 0.9971, 0.4602
185, 0.7670, -0.3068
185, 1.1505, 0.3068
185, 0.9971, 0.0000
185, 0.7670, 0.4602
185, 1.0738, 0.3068
185, 0.8437, 0.3835
185, 0.9204, 0.3068
185, 0.6903, 0.5369
185, 1.1505, 0.4602
185, 0.9971, 0.3068
185, 0.9204, 0.3835
185, 0.9204, 0.0767
185, 1.2272, -0.0767
185, 0.9971, 0.3835
185, 0.9971, 0.1534
185, 0.8437, 0.1534
185, 0.8437, 0.0767
185, 0.9971, 0.2301
185, 1.3039, 0.5369
185, 0.9971, 0.0767
185, 1.0738, 0.4602
185, 0.8437, 0.1534
185, 1.2272, 0.6136
185, 0.9971, 0.0000
185, 0.9971, 0.3835
185, 0.8437, 0.3835
185, 0.9971, 0.6903
185, 0.9971, 0.5369
185, 0.7670, 0.3068
185, 0.9971, 0.3068
185, 0.9971, 0.3068
185, 1.3806, 0.0000
185, 0.9204, 0.1534
185, 0.6903, 0.0767
185, 0.6903, 0.1534
185, 0.8437, 0.5369
185, 1.0738, 0.3835
185, 0.9971, 0.4602
185, 1.0738, 0.3068
185, 0.9204, 0.3068
185, 0.6903, 0.5369
185, 1.0738, 0.3835
190, -46.3262, 199.1107
190, 0.9204, 0.3068
190, 0.9204, 0.4602
190, 1.2272, 0.0767
190, 0.9204, 0.4602
190, 1.2272, 0.3068
190, 1.2272, 0.6136
190, 1.0738, 0.3068
190, 0.7670, 0.4602
190, 1.3039, 0.5369
190, 0.9204, 0.3835
190, 1.1505, 0.5369
190, 1.3806, 0.5369
190, 1.1505, 0.6903
190, 0.8437, 0.6136
190, 1.1505, 0.3835
190, 0.9971, 0.6903
190, 1.3806, 0.6136
190, 1.2272, 0.6903
190, 1.4573, 0.7670
190, 0.8437, 0.4602
190, 1.3806, 0.6136
190, 1.1505, 0.7670
190, 1.3806, 0.3835
190, 1.5340, 0.6136
190, 1.4573, 0.5369
190, 1.3806, 0.2301
190, 1.5340, 0.7670
190, 1.3806, 0.6136
190, 1.0738, 0.3835
190, 1.3039, 0.3835
190, 1.6874, 0.8437
190, 1.4573, 0.9204
190, 1.5340, 0.6903
190, 1.1505, 0.8437
190, 1.2272, 0.5369
190, 0.8437, 0.6136
190, 1.4573, 0.6903
190, 1.1505, 0.7670
190, 1.5340, 0.7670
190, 1.3806, 0.8437
190, 1.3039, 0.4602
190, 1.3039, 0.7670
190, 1.2272, 0.6136
190, 1.2272, 0.6903
190, 1.5340, 0.8437
190, 1.3039, 0.9971
190, 1.3806, 0.6903
190, 1.5340, 0.8437
190, 1.5340, 0.6136
190, 1.3039, 0.6903
190, 1.6874, 0.8437
190, 1.2272, 0.5369
190, 1.2272, 0.6136
190, 1.5340, 0.6136
190, 1.5340, 0.9971
190, 1.3039, 0.9204
190, 1.4573, 0.8437
190, 1.4573, 1.0738
190, 1.6874, 0.6136
190, 0.9971, 0.7670
190, 1.6107, 0.6903
190, 1.1505, 0.9971
190, 1.2272, 0.7670
190, 1.1505, 0.7670
190, 1.3806, 0.6903
190, 1.3039, 1.0738
190, 1.3039, 0.8437
190, 1.3039, 0.8437
190, 1.5340, 0.5369
190, 1.2272, 0.8437
190, 1.3039, 0.9204
190, 1.2272, 0.9204
190, 1.6107, 0.8437
190, 1.7641, 0.6136
190, 1.5340, 0.8437
190, 1.6107, 1.0738
190, 1.5340, 0.9204
190, 1.5340, 0.9971
190, 1.5340, 0.9971
190, 1.3806, 0.6903
190, 1.4573, 0.7670
190, 1.3039, 0.9204
190, 1.5340, 0.6136
190, 1.0738, 1.0738
190, 1.0738, 0.9971
190, 1.3039, 0.9971
190, 1.2272, 0.9204
190, 1.3806, 0.5369
190, 1.3806, 0.7670
190, 1.3806, 0.5369
190, 1.7641, 0.9204
190, 1.5340, 0.9204
190, 1.5340, 0.8437
190, 1.5340, 1.2272
190, 1.4573, 0.9204
190, 1.4573, 0.9971
190, 1.3806, 0.7670
190, 1.2272, 0.8437
190, 1.6107, 0.9204
190, 1.2272, 0.9971
190, 1.4573, 1.0738
190, 1.1505, 0.9204
190, 1.4573, 1.0738
190, 0.9971, 0.9971
190, 1.6107, 0.5369
190, 1.2272, 1.0738
190, 1.6107, 0.9204
190, 1.4573, 0.9204
190, 1.6107, 1.1505
190, 1.3039, 0.7670
190, 1.9942, 0.8437
190, 1.3039, 0.7670
190, 1.3039, 0.9971
190, 1.5340, 1.1505
190, 1.5340, 1.0738
190, 1.1505, 0.9204
190, 1.3806, 0.7670
190, 1.2272, 0.9204
190, 1.5340, 0.9204
190, 1.3806, 0.6903
190, 1.3039, 0.8437
190, 1.3806, 0.7670
190, 1.1505, 0.7670
190, 1.3039, 0.7670
190, 1.2272, 0.9971
190, 1.3039, 0.7670
190, 1.2272, 0.9204
190, 1.1505, 0.9204
190, 1.2272, 0.7670
190, 1.0738, 0.7670
190, 0.9204, 0.9204
190, 1.5340, 0.9971
190, 1.5340, 0.6903
190, 0.8437, 0.8437
190, 1.6107, 0.7670
190, 1.3806, 1.0738
190, 1.3039, 0.9971
190, 1.0738, 0.6136
190, 1.6107, 0.6136
190, 1.5340, 0.6903
190, 1.6107, 0.9204
190, 1.4573, 0.6903
190, 1.6107, 1.0738
190, 1.7641, 0.6136
190, 1.3806, 0.6136
190, 1.5340, 0.9204
190, 1.4573, 0.8437
190, 1.4573, 0.6903
190, 1.4573, 0.9204
190, 1.1505, 0.3068
190, 1.4573, 0.9204
190, 1.6107, 0.9971
190, 1.2272, 0.9204
190, 1.4573, 0.9971
190, 1.7641, 0.8437
190, 1.3806, 0.6903
190, 1.4573, 0.8437
190, 1.5340, 0.7670
190, 1.6107, 0.6136
190, 1.8408, 0.8437
190, 1.6107, 0.6903
190, 1.5340, 1.1505
190, 1.6107, 0.9971
190, 1.6107, 0.6136
190, 1.4573, 0.9971
190, 1.6874, 1.3039
190, 1.6874, 1.0738
190, 1.5340, 0.7670
190, 1.3039, 0.9971
190, 1.6874, 0.7670
190, 1.3806, 1.2272
190, 1.6107, 0.8437
190, 1.6874, 0.9971
190, 1.4573, 0.8437
190, 1.6107, 0.6903
190, 1.2272, 1.1505
190, 1.6107, 0.7670
190, 1.6874, 0.7670
190, 1.4573, 1.0738
190, 1.5340, 1.0738
190, 1.5340, 0.7670
190, 1.8408, 0.9971
190, 1.6107, 1.0738
190, 1.6107, 0.9204
190, 1.3806, 0.9971
190, 1.3806, 0.7670
190, 1.4573, 0.9204
190, 1.2272, 0.9204
190, 1.5340, 1.1505
190, 1.4573, 0.8437
190, 1.4573, 0.7670
190, 1.4573, 0.8437
190, 1.7641, 0.7670
190, 1.2272, 0.8437
190, 1.6107, 0.9204
190, 1.5340, 0.9204
190, 1.6107, 0.9204
190, 1.6874, 0.9204
190, 1.6107, 1.2272
195, 245.0534, 560.1331
195, 1.3806, 1.0738
195, 1.6874, 0.9204
195, 1.4573, 0.8437
195, 1.6874, 1.0738
195, 1.8408, 1.1505
195, 1.6107, 1.0738
195, 1.8408, 0.9971
195, 1.6874, 1.3806
195, 1.7641, 1.5340
195, 1.4573, 1.3039
195, 1.3806, 1.2272
195, 1.5340, 1.1505
195, 1.6874, 1.2272
195, 1.9942, 1.2272
195, 1.8408, 1.1505
195, 1.5340, 1.3806
195, 1.8408, 1.1505
195, 1.6874, 1.6874
195, 1.9942, 1.5340
195, 2.0709, 0.9971
195, 1.6874, 0.9971
195, 1.7641, 1.0738
195, 1.6874, 0.8437
195, 2.0709, 0.8437
195, 1.8408, 0.9971
195, 1.9942, 0.9971
195, 1.6874, 1.1505
195, 2.0709, 0.9204
195, 1.5340, 0.9204
195, 1.6874, 1.2272
195, 1.8408, 0.9971
195, 1.6874, 1.2272
195, 1.5340, 1.2272
195, 1.9175, 0.9971
195, 1.7641, 0.9971
195, 2.2243, 1.3039
195, 1.8408, 1.2272
195, 2.3010, 0.9971
195, 1.9942, 1.1505
195, 1.9175, 1.1505
195, 1.9175, 0.9971
195, 1.6874, 0.9204
195, 1.6107, 1.3039
195, 1.9942, 0.9971
195, 1.7641, 1.0738
195, 2.1476, 1.5340
195, 1.9175, 1.0738
195, 1.8408, 1.0738
195, 1.7641, 1.3039
195, 2.0709, 1.0738
195, 2.1476, 1.2272
195, 1.6874, 1.3039
195, 1.9175, 1.3806
195, 1.8408, 0.9204
195, 1.7641, 1.4573
195, 1.7641, 1.3039
195, 1.9175, 1.3039
195, 1.8408, 1.3039
195, 1.9942, 1.3039
195, 2.0709, 1.2272
195, 1.6874, 1.3039
195, 1.9942, 1.0738
195, 2.1476, 1.2272
195, 1.9942, 1.3806
195, 1.8408, 1.2272
195, 2.1476, 1.3039
195, 1.8408, 1.6107
195, 2.5311, 1.3806
195, 1.9175, 0.9971
195, 2.3010, 1.4573
195, 2.2243, 1.6107
195, 2.0709, 1.4573
195, 1.9942, 1.4573
195, 2.3010, 1.6874
195, 1.8408, 1.2272
195, 1.9942, 1.3039
195, 1.6107, 1.5340
195, 2.2243, 1.3039
195, 1.6874, 1.3806
195, 2.0709, 1.5340
195, 2.1476, 1.4573
195, 1.5340, 1.3039
195, 1.9175, 1.1505
195, 1.9942, 1.4573
195, 1.7641, 1.5340
195, 1.9175, 1.5340
195, 1.7641, 1.2272
195, 1.9942, 1.2272
195, 1.6874, 1.3806
195, 1.9942, 1.0738
195, 1.9942, 1.4573
195, 2.1476, 1.7641
195, 1.6874, 1.4573
195, 1.9942, 1.5340
195, 1.4573, 1.7641
195, 2.3777, 1.4573
195, 2.1476, 1.3039
195, 2.1476, 1.4573
195, 1.9175, 1.2272
195, 2.1476, 1.2272
195, 2.1476, 1.3806
195, 2.4544, 1.4573
195, 2.1476, 1.3039
195, 2.2243, 1.6874
195, 1.9942, 1.3806
195, 2.0709, 1.1505
195, 1.6874, 1.6874
195, 2.4544, 1.3806
195, 1.8408, 1.6107
195, 1.8408, 1.2272
195, 2.0709, 1.5340
195, 2.3010, 1.4573
195, 1.9175, 1.8408
195, 1.9175, 1.2272
195, 1.6874, 1.0738
195, 1.9175, 1.3806
195, 1.9942, 1.4573
195, 2.2243, 1.2272
195, 1.9942, 0.9971
195, 2.1476, 1.4573
195, 1.8408, 1.3039
195, 2.1476, 1.4573
195, 2.0709, 1.1505
195, 2.0709, 1.0738
195, 1.9175, 1.5340
195, 2.3010, 1.3039
195, 1.8408, 1.2272
195, 2.3777, 1.5340
195, 1.9942, 1.8408
195, 1.9942, 1.0738
195, 1.8408, 1.3806
195, 2.1476, 1.8408
195, 1.6107, 1.5340
195, 2.2243, 1.3039
195, 1.9942, 1.8408
195, 2.2243, 1.3806
195, 1.9175, 1.3039
195, 1.7641, 1.3806
195, 1.8408, 1.3806
195, 2.1476, 1.3039
195, 1.8408, 1.4573
195, 1.9175, 1.3806
195, 1.8408, 1.5340
195, 1.5340, 1.6107
195, 2.0709, 1.1505
195, 1.9942, 1.6107
195, 1.8408, 1.8408
195, 1.6107, 1.4573
195, 1.9942, 1.2272
195, 1.9942, 1.3039
195, 1.9175, 1.3806
195, 2.1476, 1.3806
195, 1.8408, 1.3039
195, 2.0709, 1.3806
195, 1.6107, 1.3806
195, 1.9175, 2.0709
195, 1.9942, 1.3806
195, 2.0709, 1.2272
195, 1.9942, 1.9175
195, 2.3010, 1.5340
195, 2.2243, 1.3806
195, 2.0709, 1.4573
195, 2.5311, 1.7641
195, 2.1476, 1.6874
195, 1.7641, 1.5340
195, 1.9942, 1.0738
195, 1.7641, 1.3806
195, 1.8408, 1.7641
195, 1.6107, 1.3806
195, 2.0709, 1.5340
195, 1.9175, 1.6107
195, 1.8408, 1.4573
195, 2.1476, 1.4573
195, 2.3777, 1.6107
195, 1.9175, 1.2272
195, 2.3010, 1.3039
195, 2.1476, 1.4573
195, 2.0709, 1.3806
195, 2.3010, 1.2272
195, 2.1476, 1.4573
195, 1.9942, 1.8408
195, 2.1476, 1.4573
195, 1.9942, 1.5340
195, 1.6874, 1.7641
195, 2.0709, 1.5340
195, 2.1476, 1.6107
195, 2.3010, 1.6107
195, 2.3010, 1.3806
195, 2.2243, 1.5340
195, 2.4544, 1.6874
195, 2.1476, 1.6874
195, 1.6874, 1.6874
195, 2.3010, 1.7641
195, 2.2243, 1.9175
195, 2.1476, 1.5340
195, 2.0709, 1.7641
195, 2.0709, 1.3806
195, 1.9175, 1.5340
195, 2.2243, 1.6874
200, 448.3826, -458.2001
200, 2.0709, 1.4573
200, 1.8408, 1.3039
200, 2.3010, 1.3039
200, 2.1476, 1.6874
200, 1.9942, 1.8408
200, 2.5311, 1.9175
200, 2.2243, 2.1476
200, 2.2243, 2.1476
200, 2.2243, 1.7641
200, 2.3777, 1.7641
200, 2.2243, 1.5340
200, 2.5311, 1.8408
200, 2.1476, 1.6107
200, 2.3777, 1.9175
200, 2.6078, 1.7641
200, 2.4544, 1.8408
200, 2.6078, 1.8408
200, 2.8379, 2.1476
200, 2.6845, 1.9942
200, 2.9146, 1.8408
200, 2.6845, 1.7641
200, 2.9146, 2.1476
200, 2.6078, 2.0709
200, 2.3010, 1.6874
200, 2.1476, 1.7641
200, 2.5311, 2.3010
200, 2.6078, 1.9175
200, 2.9146, 2.1476
200, 2.5311, 1.9175
200, 2.6845, 1.7641
200, 2.1476, 1.8408
200, 2.7612, 2.2243
200, 2.3010, 2.1476
200, 2.3777, 1.9175
200, 2.2243, 1.9175
200, 2.6845, 2.0709
200, 2.4544, 2.3010
200, 2.9146, 2.2243
200, 2.5311, 1.9942
200, 2.6078, 2.2243
200, 2.5311, 2.1476
200, 2.7612, 1.9175
200, 2.6078, 2.1476
200, 2.6078, 2.1476
200, 2.6078, 2.2243
200, 2.7612, 2.0709
200, 2.6845, 2.2243
200, 2.6845, 1.9942
200, 2.6078, 1.9175
200, 2.5311, 1.9942
200, 2.3010, 2.3777
200, 2.7612, 2.3010
200, 2.8379, 2.0709
200, 2.6845, 2.3010
200, 2.3777, 2.3777
200, 2.6078, 2.0709
200, 2.3010, 2.3777
200, 2.6845, 1.9175
200, 2.6078, 1.8408
200, 2.6845, 2.4544
200, 2.4544, 2.5311
200, 2.3777, 2.2243
200, 2.3777, 2.3777
200, 2.7612, 2.1476
200, 2.3777, 2.1476
200, 2.7612, 2.4544
200, 2.6078, 2.5311
200, 2.9913, 2.1476
200, 2.6078, 2.1476
200, 2.7612, 2.1476
200, 2.7612, 2.0709
200, 2.5311, 2.3777
200, 2.0709, 2.3777
200, 2.7612, 2.1476
200, 2.3777, 2.0709
200, 2.9913, 2.6078
200, 2.7612, 2.3777
200, 2.8379, 1.9942
200, 2.6078, 2.2243
200, 2.7612, 2.3010
200, 2.3777, 2.1476
200, 2.6078, 2.2243
200, 2.3010, 1.9942
200, 2.6078, 2.2243
200, 2.4544, 2.5311
200, 2.9146, 2.6845
200, 2.7612, 2.0709
200, 2.8379, 1.9175
200, 2.4544, 2.4544
200, 2.8379, 1.6874
200, 2.6078, 2.4544
200, 2.9146, 2.4544
200, 2.8379, 2.1476
200, 3.0680, 2.1476
200, 2.9913, 2.3777
200, 2.8379, 2.0709
200, 2.7612, 2.3777
200, 2.5311, 1.9942
200, 2.6845, 2.4544
200, 2.2243, 2.3010
200, 2.5311, 1.9942
200, 2.5311, 2.0709
200, 2.6845, 2.1476
200, 2.7612, 1.9942
200, 2.4544, 2.3010
200, 2.4544, 1.9175
200, 2.7612, 2.3010
200, 2.3777, 2.6845
200, 2.6078, 2.0709
200, 2.4544, 2.3010
200, 2.6078, 2.3777
200, 2.5311, 2.4544
200, 2.7612, 2.3010
200, 2.8379, 2.6078
200, 3.0680, 2.3010
200, 2.6845, 2.3777
200, 2.7612, 2.3010
200, 3.0680, 2.4544
200, 2.5311, 2.1476
200, 2.4544, 2.0709
200, 2.8379, 2.4544
200, 2.5311, 2.0709
200, 2.9146, 2.1476
200, 2.7612, 2.2243
200, 2.9913, 2.5311
200, 2.9913, 2.4544
200, 2.6845, 2.0709
200, 2.8379, 2.1476
200, 2.3777, 2.0709
200, 2.3010, 2.1476
200, 2.6078, 2.0709
200, 2.6845, 2.1476
200, 2.6845, 2.3777
200, 2.5311, 1.9175
200, 2.6845, 1.9175
200, 2.9913, 2.3777
200, 2.9146, 1.9942
200, 2.9146, 2.2243
200, 2.9913, 2.6078
200, 2.6845, 2.1476
200, 3.0680, 2.5311
200, 2.6078, 2.4544
200, 2.6845, 2.0709
200, 2.5311, 2.3777
200, 3.1447, 2.3010
200, 2.3777, 2.6078
200, 2.9146, 2.2243
200, 2.7612, 2.3010
200, 2.7612, 2.3010
200, 2.6845, 2.3010
200, 2.9913, 2.2243
200, 2.7612, 2.3010
200, 2.9146, 2.6845
200, 2.4544, 2.1476
200, 2.6845, 2.3010
200, 2.6845, 2.1476
200, 2.3010, 2.3010
200, 2.6845, 2.3010
200, 2.6845, 2.3010
200, 2.9146, 2.3010
200, 2.9913, 2.3010
200, 3.0680, 2.4544
200, 2.9913, 2.3777
200, 2.8379, 2.3777
200, 2.6078, 2.3777
200, 2.9913, 2.0709
200, 2.6078, 2.2243
200, 2.9913, 2.4544
200, 2.6845, 1.9942
200, 2.9146, 2.7612
200, 2.6845, 2.3777
200, 2.9146, 2.4544
200, 2.3010, 2.6078
200, 2.8379, 2.3010
200, 2.4544, 2.4544
200, 2.6845, 2.2243
200, 2.5311, 1.9942
200, 2.8379, 1.7641
200, 2.8379, 2.2243
200, 2.6845, 2.7612
200, 2.7612, 2.6078
200, 3.0680, 2.3777
200, 2.6845, 2.4544
200, 2.9913, 2.3010
200, 2.6845, 2.3777
200, 2.9146, 2.2243
200, 2.6845, 2.4544
200, 2.3777, 2.2243
200, 2.4544, 2.2243
200, 2.7612, 2.3777
200, 2.5311, 2.2243
200, 2.8379, 2.3777
200, 2.4544, 2.3777
200, 2.6078, 2.4544
200, 2.6078, 2.2243
200, 2.6845, 2.3777
200, 2.2243, 2.4544
200, 2.6078, 2.0709
200, 2.3777, 2.4544
205, -521.8603, 155.6990
205, 2.8379, 2.3777
205, 2.6078, 2.3010
205, 2.8379, 2.2243
205, 2.6845, 2.3777
205, 2.9146, 2.3010
205, 2.8379, 1.9942
205, 3.3748, 2.5311
205, 3.1447, 2.3777
205, 3.0680, 2.6078
205, 2.6078, 2.4544
205, 2.9913, 2.4544
205, 2.6078, 2.1476
205, 3.2214, 2.7612
205, 2.7612, 2.2243
205, 3.5282, 2.4544
205, 3.0680, 2.6078
205, 2.9146, 2.6078
205, 2.7612, 2.6078
205, 2.9913, 2.7612
205, 2.8379, 2.3010
205, 2.9913, 2.2243
205, 2.7612, 2.6078
205, 3.2981, 2.6845
205, 2.9913, 2.8379
205, 3.0680, 3.1447
205, 3.0680, 2.6078
205, 3.2981, 2.2243
205, 2.8379, 2.4544
205, 3.2214, 2.8379
205, 3.1447, 2.5311
205, 3.4515, 2.5311
205, 3.0680, 2.6845
205, 3.2981, 2.6845
205, 2.9146, 2.9913
205, 3.2981, 2.9146
205, 2.9146, 2.5311
205, 3.2214, 2.6078
205, 2.9146, 2.7612
205, 3.1447, 2.9146
205, 2.8379, 2.4544
205, 3.1447, 3.1447
205, 2.8379, 2.8379
205, 2.9146, 2.5311
205, 3.0680, 3.2981
205, 3.3748, 2.8379
205, 3.2214, 2.5311
205, 3.4515, 2.9913
205, 3.0680, 2.6078
205, 3.7583, 2.3777
205, 3.2214, 3.1447
205, 3.2981, 2.7612
205, 2.8379, 2.5311
205, 3.6049, 2.7612
205, 3.2981, 2.9146
205, 3.4515, 2.7612
205, 3.1447, 2.9913
205, 3.1447, 2.9913
205, 2.9146, 2.6078
205, 3.2214, 2.9913
205, 2.8379, 2.6845
205, 3.1447, 2.7612
205, 3.0680, 2.9146
205, 3.2981, 2.9146
205, 3.0680, 2.7612
205, 3.2214, 2.9146
205, 3.1447, 2.7612
205, 3.7583, 2.5311
205, 3.2214, 2.9146
205, 3.5282, 2.9913
205, 2.9913, 2.9146
205, 3.0680, 2.9913
205, 2.6078, 2.8379
205, 2.9913, 2.5311
205, 2.6845, 2.8379
205, 2.9913, 2.7612
205, 3.0680, 2.6845
205, 3.2981, 2.7612
205, 3.0680, 3.2214
205, 3.3748, 2.7612
205, 3.0680, 2.3777
205, 3.1447, 2.9146
205, 2.9913, 2.6845
205, 3.1447, 2.7612
205, 2.9146, 2.8379
205, 3.3748, 2.9913
205, 3.2214, 2.8379
205, 3.6049, 3.0680
205, 2.9913, 2.7612
205, 3.2981, 2.6845
205, 2.8379, 3.2214
205, 3.1447, 2.6845
205, 3.0680, 2.7612
205, 3.3748, 2.6078
205, 3.2981, 2.9913
205, 3.2981, 2.7612
205, 3.4515, 3.0680
205, 2.9913, 2.6078
205, 3.3748, 2.6078
205, 2.9913, 2.9913
205, 3.1447, 3.2981
205, 3.1447, 2.7612
205, 3.4515, 2.7612
205, 3.2981, 2.8379
205, 3.1447, 2.7612
205, 3.2214, 2.7612
205, 3.3748, 3.1447
205, 2.9146, 2.8379
205, 3.5282, 3.0680
205, 3.1447, 3.1447
205, 3.4515, 2.7612
205, 2.9913, 3.2214
205, 3.2981, 3.1447
205, 3.0680, 2.8379
205, 3.2214, 2.9146
205, 2.7612, 2.9913
205, 3.6049, 2.7612
205, 3.1447, 3.0680
205, 3.4515, 2.7612
205, 3.2214, 3.0680
205, 3.5282, 2.6845
205, 2.9146, 3.1447
205, 3.1447, 2.7612
205, 2.9146, 3.0680
205, 3.2981, 3.1447
205, 3.5282, 2.7612
205, 3.3748, 2.5311
205, 3.2214, 3.2981
205, 3.3748, 2.9913
205, 3.6049, 2.9146
205, 3.6049, 2.9913
205, 3.2214, 2.7612
205, 3.6049, 2.7612
205, 3.2981, 3.1447
205, 3.4515, 2.9913
205, 3.2214, 2.9913
205, 3.2981, 3.0680
205, 3.5282, 3.1447
205, 3.0680, 2.6078
205, 3.1447, 2.7612
205, 3.2214, 2.6845
205, 3.4515, 2.6078
205, 3.4515, 2.8379
205, 3.6816, 2.7612
205, 3.3748, 2.3777
205, 3.8350, 3.0680
205, 3.2214, 3.0680
205, 3.3748, 2.4544
205, 3.0680, 2.6845
205, 2.9913, 3.0680
205, 3.2981, 2.6078
205, 3.5282, 2.7612
205, 2.6845, 2.8379
205, 3.0680, 2.6078
205, 2.9146, 3.0680
205, 3.1447, 2.7612
205, 3.0680, 2.7612
205, 3.3748, 2.9146
205, 3.0680, 2.7612
205, 3.2214, 2.3777
205, 2.9146, 2.9146
205, 3.5282, 2.6845
205, 3.0680, 2.4544
205, 3.4515, 2.6078
205, 3.2214, 2.8379
205, 3.3748, 2.6845
205, 3.5282, 2.6078
205, 3.2214, 3.0680
205, 3.0680, 2.8379
205, 3.5282, 2.6078
205, 3.6049, 2.9146
205, 3.3748, 2.6845
205, 3.4515, 2.9146
205, 3.1447, 2.7612
205, 3.5282, 2.5311
205, 2.9913, 3.0680
205, 3.2214, 3.2981
205, 2.8379, 3.1447
205, 3.4515, 2.8379
205, 3.2981, 3.0680
205, 3.6816, 3.0680
205, 3.3748, 2.9913
205, 3.5282, 3.2214
205, 3.3748, 2.7612
205, 3.3748, 2.9146
205, 2.9146, 2.8379
205, 3.2214, 2.9913
205, 2.8379, 2.6845
205, 3.3748, 2.9146
205, 3.1447, 2.8379
205, 3.4515, 2.9913
205, 2.8379, 2.9913
205, 3.2981, 3.2981
205, 3.1447, 2.6078
205, 3.2981, 3.2981
205, 2.9146, 2.5311
205, 3.2214, 2.8379
205, 3.0680, 3.2981
205, 3.5282, 3.1447
205, 3.1447, 3.1447
210, -406.3515, -490.9506
210, 2.9146, 2.9913
210, 3.8350, 2.9146
210, 3.0680, 2.9913
210, 3.8350, 2.8379
210, 3.2981, 3.5282
210, 3.5282, 3.1447
210, 3.1447, 3.1447
210, 4.0650, 3.2214
210, 3.6816, 2.9913
210, 3.9117, 3.0680
210, 3.2981, 3.2981
210, 3.3748, 3.1447
210, 3.3748, 3.1447
210, 3.6049, 3.4515
210, 3.3748, 2.9146
210, 3.6816, 2.9913
210, 3.7583, 3.6816
210, 4.2951, 3.7583
210, 3.8350, 3.1447
210, 3.8350, 3.1447
210, 3.9884, 3.6816
210, 3.9117, 3.5282
210, 3.2214, 3.3748
210, 3.9117, 3.6816
210, 3.5282, 3.3748
210, 4.3718, 3.7583
210, 3.9117, 3.7583
210, 3.9884, 3.2214
210, 3.9117, 3.2981
210, 4.0650, 3.6049
210, 3.7583, 3.5282
210, 3.5282, 3.3748
210, 3.5282, 3.8350
210, 3.6816, 3.1447
210, 3.9884, 3.3748
210, 4.2184, 3.6816
210, 3.8350, 3.8350
210, 4.2951, 3.5282
210, 3.9117, 3.7583
210, 3.9117, 3.8350
210, 3.6816, 3.2214
210, 4.1417, 3.1447
210, 3.2981, 3.4515
210, 4.3718, 3.4515
210, 3.6049, 3.7583
210, 3.9884, 3.3748
210, 3.7583, 3.4515
210, 4.0650, 3.9117
210, 3.6816, 3.8350
210, 4.0650, 3.2214
210, 4.0650, 3.7583
210, 4.0650, 3.6049
210, 4.0650, 3.2214
210, 4.3718, 3.7583
210, 3.5282, 3.7583
210, 3.9884, 3.6049
210, 3.8350, 3.8350
210, 4.2951, 3.3748
210, 3.7583, 3.4515
210, 4.3718, 3.8350
210, 3.9884, 3.7583
210, 4.3718, 3.6049
210, 3.9117, 3.4515
210, 4.0650, 3.9117
210, 3.9117, 3.6049
210, 4.2184, 3.2981
210, 4.3718, 3.8350
210, 4.5252, 3.2981
210, 4.2184, 3.9117
210, 4.2184, 3.5282
210, 4.0650, 3.6049
210, 4.2184, 3.5282
210, 3.8350, 3.9884
210, 4.5252, 3.1447
210, 4.1417, 3.5282
210, 4.3718, 3.6049
210, 4.2184, 3.4515
210, 4.0650, 3.5282
210, 4.2184, 4.0650
210, 4.6786, 3.4515
210, 3.9884, 3.6049
210, 4.3718, 3.6816
210, 4.0650, 3.4515
210, 4.1417, 3.7583
210, 3.6049, 3.4515
210, 3.7583, 3.6049
210, 3.9884, 3.6049
210, 3.9884, 3.6816
210, 4.6019, 3.6049
210, 4.2951, 3.5282
210, 4.4485, 3.9884
210, 3.9117, 4.2184
210, 4.0650, 3.6816
210, 3.9117, 4.0650
210, 4.4485, 3.6049
210, 4.2184, 3.3748
210, 4.5252, 3.8350
210, 4.5252, 3.9117
210, 4.3718, 3.3748
210, 3.9884, 3.8350
210, 4.3718, 3.9117
210, 4.1417, 3.6049
210, 4.6019, 3.3748
210, 4.2184, 4.0650
210, 4.0650, 3.5282
210, 4.2951, 3.6816
210, 4.2951, 3.6816
210, 4.1417, 3.1447
210, 3.9117, 3.6816
210, 4.1417, 3.6049
210, 4.1417, 3.7583
210, 4.2184, 4.0650
210, 3.9117, 3.6816
210, 4.8320, 3.9117
210, 4.5252, 3.6049
210, 4.5252, 3.4515
210, 4.1417, 4.0650
210, 4.5252, 3.6049
210, 4.4485, 3.5282
210, 4.0650, 4.2951
210, 3.9117, 3.4515
210, 3.9884, 3.6816
210, 3.9884, 4.0650
210, 3.7583, 3.6049
210, 4.2184, 3.4515
210, 4.0650, 3.9884
210, 4.8320, 3.6049
210, 4.0650, 3.5282
210, 4.4485, 3.9117
210, 3.8350, 3.4515
210, 4.2184, 3.2981
210, 3.9117, 3.5282
210, 4.4485, 3.8350
210, 3.9117, 3.5282
210, 3.9884, 3.7583
210, 3.9884, 3.9884
210, 4.4485, 3.8350
210, 3.8350, 3.8350
210, 4.5252, 4.2184
210, 3.8350, 3.9117
210, 4.6786, 3.9117
210, 3.9884, 3.5282
210, 4.2184, 3.1447
210, 3.6816, 3.7583
210, 4.2184, 3.9117
210, 3.5282, 3.4515
210, 4.1417, 3.4515
210, 3.9117, 3.9117
210, 4.0650, 3.8350
210, 3.9117, 3.3748
210, 4.0650, 3.6816
210, 3.6816, 3.9117
210, 4.1417, 3.3748
210, 4.0650, 3.6816
210, 4.3718, 4.2951
210, 4.2184, 3.6816
210, 4.6019, 3.2214
210, 3.9884, 4.1417
210, 3.9884, 3.3748
210, 3.4515, 3.3748
210, 4.2184, 3.8350
210, 4.2184, 3.7583
210, 4.0650, 3.5282
210, 3.9117, 3.8350
210, 4.2184, 3.4515
210, 3.7583, 3.6816
210, 4.0650, 3.7583
210, 3.6816, 3.9884
210, 4.2184, 3.6816
210, 3.9884, 3.9117
210, 4.5252, 4.1417
210, 3.9884, 3.9117
210, 4.6019, 3.6816
210, 4.0650, 4.0650
210, 3.8350, 3.2214
210, 3.6816, 3.9884
210, 3.9117, 3.7583
210, 3.9884, 3.3748
210, 4.0650, 3.6816
210, 3.9117, 4.0650
210, 4.0650, 3.9884
210, 4.0650, 3.4515
210, 3.9117, 3.6816
210, 3.6049, 3.9884
210, 3.9884, 3.6816
210, 4.0650, 3.3748
210, 4.4485, 3.9117
210, 4.5252, 3.3748
210, 4.3718, 3.5282
210, 4.2184, 3.9117
210, 4.0650, 3.7583
210, 3.9884, 3.3748
210, 4.2184, 3.7583
210, 3.6816, 3.6816
210, 4.6786, 3.2981
210, 3.6049, 3.6816
210, 4.2951, 3.7583
210, 3.8350, 3.5282
210, 4.0650, 3.4515
215, 160.1476, 480.2127
215, 4.2184, 3.9117
215, 4.6786, 4.5252
215, 5.1388, 4.4485
215, 5.1388, 4.4485
215, 4.6786, 4.8320
215, 5.2155, 4.7553
215, 5.0621, 4.8320
215, 4.9854, 5.3689
215, 5.2155, 5.2922
215, 5.7524, 4.6019
215, 5.2155, 5.4456
215, 5.6757, 5.4456
215, 5.0621, 5.3689
215, 5.8291, 4.4485
215, 5.7524, 4.4485
215, 6.3660, 5.9058
215, 5.5223, 5.2155
215, 5.8291, 5.1388
215, 5.9825, 5.6757
215, 5.9058, 5.9058
215, 5.0621, 5.3689
215, 5.5223, 5.4456
215, 5.3689, 5.7524
215, 6.2126, 5.2155
215, 5.7524, 5.0621
215, 6.7495, 5.7524
215, 5.8291, 5.4456
215, 5.9058, 5.5990
215, 5.5990, 5.9825
215, 6.1359, 5.9058
215, 5.7524, 5.4456
215, 6.3660, 5.8291
215, 5.7524, 5.5990
215, 6.1359, 5.1388
215, 5.9058, 5.2922
215, 6.6728, 5.9825
215, 6.0592, 5.6757
215, 5.9825, 5.5223
215, 5.5990, 5.8291
215, 6.5194, 6.0592
215, 5.5990, 5.4456
215, 6.2126, 5.2155
215, 5.7524, 5.7524
215, 6.5194, 6.2893
215, 6.2893, 5.5990
215, 6.5961, 5.7524
215, 6.0592, 5.9058
215, 6.2126, 5.5223
215, 5.4456, 5.7524
215, 6.0592, 6.1359
215, 5.7524, 5.7524
215, 6.5194, 5.1388
215, 5.8291, 5.5223
215, 6.2893, 6.0592
215, 5.7524, 5.5990
215, 6.5961, 5.9058
215, 6.7495, 5.8291
215, 6.3660, 5.9058
215, 6.2126, 5.2922
215, 6.2893, 5.7524
215, 6.0592, 5.9825
215, 6.4427, 5.6757
215, 5.5990, 5.5223
215, 6.0592, 6.2893
215, 5.9058, 5.5990
215, 6.8262, 5.7524
215, 6.7495, 6.1359
215, 6.2126, 5.7524
215, 6.2126, 5.6757
215, 6.4427, 6.3660
215, 6.2893, 6.2126
215, 6.4427, 5.5223
215, 6.3660, 5.4456
215, 6.2126, 6.0592
215, 6.2893, 5.2155
215, 6.4427, 5.7524
215, 6.9796, 5.6757
215, 5.9825, 6.1359
215, 6.2126, 5.2922
215, 6.2893, 6.0592
215, 6.2126, 5.9058
215, 6.0592, 5.3689
215, 6.0592, 5.6757
215, 6.2893, 6.2126
215, 6.5961, 5.7524
215, 6.5194, 5.8291
215, 6.8262, 6.2126
215, 6.5194, 5.9825
215, 6.3660, 5.5990
215, 5.9825, 5.8291
215, 6.5961, 5.4456
215, 6.7495, 5.7524
215, 5.9058, 6.4427
215, 6.3660, 5.7524
215, 5.7524, 5.9058
215, 7.1330, 6.4427
215, 6.5194, 5.5990
215, 6.2893, 5.4456
215, 5.5223, 6.0592
215, 6.3660, 5.8291
215, 5.6757, 5.5223
215, 6.1359, 5.9825
215, 5.8291, 5.9825
215, 6.5194, 5.6757
215, 5.8291, 5.9058
215, 6.6728, 6.2893
215, 5.9058, 5.7524
215, 6.4427, 5.4456
215, 5.7524, 6.1359
215, 5.9058, 5.3689
215, 6.2126, 5.5990
215, 6.6728, 6.1359
215, 5.9825, 5.7524
215, 6.3660, 5.9825
215, 6.0592, 6.4427
215, 7.0563, 5.9058
215, 6.3660, 5.8291
215, 6.3660, 6.3660
215, 5.5990, 6.0592
215, 6.8262, 5.4456
215, 5.7524, 6.0592
215, 6.6728, 6.1359
215, 5.9058, 5.6757
215, 6.6728, 6.2893
215, 5.9058, 6.2893
215, 6.5194, 5.9825
215, 6.0592, 5.5990
215, 5.9825, 6.0592
215, 5.8291, 5.5990
215, 6.5194, 6.2893
215, 6.2126, 6.4427
215, 6.7495, 5.8291
215, 6.1359, 5.8291
215, 6.5961, 6.2126
215, 5.7524, 6.3660
215, 6.7495, 5.5990
215, 7.2864, 6.2893
215, 6.5961, 6.2126
215, 6.1359, 6.1359
215, 6.4427, 5.2922
215, 6.0592, 5.9058
215, 6.5194, 5.7524
215, 6.6728, 5.5223
215, 6.1359, 6.2893
215, 6.8262, 5.2155
215, 6.3660, 5.5223
215, 6.6728, 6.4427
215, 5.9058, 5.7524
215, 6.4427, 5.7524
215, 5.8291, 6.4427
215, 6.5194, 6.1359
215, 5.7524, 5.6757
215, 6.3660, 5.3689
215, 5.9825, 5.8291
215, 6.6728, 5.5223
215, 6.2893, 5.9058
215, 6.6728, 6.2893
215, 5.8291, 6.1359
215, 6.7495, 5.5223
215, 6.1359, 5.9058
215, 6.3660, 6.0592
215, 5.5990, 5.5223
215, 6.2893, 5.3689
215, 6.1359, 5.9058
215, 6.8262, 5.7524
215, 6.2893, 5.3689
215, 6.3660, 6.4427
215, 5.6757, 5.5223
215, 6.2893, 5.8291
215, 5.9825, 6.4427
215, 6.5194, 5.4456
215, 5.8291, 5.8291
215, 6.2893, 6.0592
215, 6.0592, 6.2893
215, 7.1330, 5.5223
215, 6.5194, 5.6757
215, 6.4427, 6.4427
215, 5.7524, 5.9058
215, 7.1330, 5.7524
215, 6.3660, 5.9058
215, 6.1359, 6.0592
215, 5.9058, 5.1388
215, 6.5194, 6.2893
215, 6.4427, 5.9825
215, 7.0563, 5.6757
215, 6.1359, 5.2922
215, 6.4427, 6.0592
215, 5.9825, 6.4427
215, 6.5194, 5.4456
215, 6.5961, 5.8291
215, 6.2893, 5.9058
215, 6.5194, 5.2922
215, 6.3660, 5.3689
215, 6.5961, 6.6728
215, 6.5961, 5.5990
215, 6.9796, 5.7524
215, 5.6757, 5.9825
215, 6.5961, 5.2922
215, 6.2126, 6.2126
220, -26.9981, -515.2641
220, 6.7495, 5.9825
220, 6.3660, 6.9029
220, 7.6699, 6.5194
220, 7.2864, 6.8262
220, 8.2068, 7.2864
220, 6.9029, 6.9796
220, 8.0534, 6.5194
220, 7.1330, 7.9767
220, 8.1301, 7.9000
220, 7.6699, 6.6728
220, 8.2068, 7.7466
220, 8.0534, 8.3602
220, 9.5874, 7.5932
220, 7.9767, 7.7466
220, 8.5903, 8.1301
220, 8.8204, 7.6699
220, 7.9767, 8.2068
220, 8.5903, 8.1301
220, 8.0534, 7.5932
220, 8.8971, 8.4369
220, 7.7466, 7.9767
220, 8.2068, 7.5932
220, 7.4398, 7.6699
220, 8.2835, 8.3602
220, 7.8233, 7.8233
220, 8.4369, 7.5932
220, 8.4369, 8.5903
220, 9.7408, 7.9000
220, 7.6699, 7.6699
220, 8.9738, 8.4369
220, 8.2068, 7.7466
220, 8.2068, 7.9000
220, 7.8233, 8.5903
220, 8.8204, 8.3602
220, 8.7437, 7.9000
220, 8.8204, 8.3602
220, 7.6699, 8.2068
220, 8.8971, 7.8233
220, 8.0534, 8.0534
220, 8.3602, 8.6670
220, 7.7466, 7.8233
220, 9.5874, 7.5165
220, 8.5136, 8.2835
220, 8.6670, 7.5165
220, 8.1301, 7.7466
220, 8.5136, 8.5136
220, 7.5932, 7.6699
220, 8.5903, 7.8233
220, 8.7437, 7.7466
220, 9.3573, 8.9738
220, 8.0534, 7.5932
220, 8.5136, 8.2835
220, 7.9000, 8.2835
220, 8.4369, 7.4398
220, 7.6699, 8.0534
220, 8.5136, 8.8204
220, 9.8942, 7.9767
220, 9.1272, 7.4398
220, 8.8204, 8.6670
220, 8.5136, 7.3631
220, 8.6670, 8.2068
220, 7.7466, 8.4369
220, 8.8971, 7.7466
220, 8.5903, 7.6699
220, 9.3573, 8.7437
220, 8.0534, 7.7466
220, 8.7437, 7.9000
220, 8.0534, 8.3602
220, 8.7437, 7.6699
220, 7.7466, 8.3602
220, 9.0505, 8.8204
220, 8.5903, 7.8233
220, 8.5903, 7.6699
220, 8.5903, 8.2068
220, 9.1272, 7.8233
220, 7.7466, 7.6699
220, 8.7437, 8.7437
220, 8.2835, 8.0534
220, 9.3573, 7.9000
220, 8.3602, 8.8204
220, 8.3602, 7.7466
220, 8.1301, 7.3631
220, 8.8971, 8.7437
220, 8.0534, 8.6670
220, 8.8204, 8.0534
220, 9.1272, 8.5136
220, 8.8204, 8.0534
220, 9.2806, 8.2068
220, 8.2835, 8.8204
220, 8.8204, 8.0534
220, 8.0534, 7.9767
220, 9.2806, 8.4369
220, 8.8204, 8.1301
220, 8.9738, 8.3602
220, 8.0534, 8.8204
220, 8.5903, 7.7466
220, 8.2068, 7.7466
220, 8.5136, 8.2835
220, 7.3631, 8.0534
220, 9.3573, 7.9000
220, 8.9738, 8.8971
220, 8.6670, 8.1301
220, 8.6670, 8.2068
220, 9.0505, 8.9738
220, 7.9767, 7.6699
220, 8.8971, 7.6699
220, 8.2835, 8.6670
220, 9.2039, 8.1301
220, 8.1301, 8.8971
220, 8.9738, 8.8971
220, 9.0505, 7.9767
220, 8.7437, 8.5136
220, 8.6670, 8.5136
220, 8.4369, 8.2068
220, 9.8942, 9.0505
220, 7.9767, 8.7437
220, 8.9738, 8.2835
220, 8.3602, 8.8204
220, 8.3602, 8.5903
220, 7.9000, 7.5932
220, 9.2806, 8.6670
220, 8.8204, 8.9738
220, 8.6670, 7.8233
220, 7.9767, 8.2835
220, 9.2039, 8.5136
220, 8.4369, 8.5136
220, 8.6670, 8.9738
220, 8.0534, 8.2068
220, 9.4340, 8.1301
220, 8.2835, 9.0505
220, 8.5903, 8.2835
220, 8.5903, 8.2835
220, 8.9738, 8.8204
220, 7.6699, 8.2068
220, 9.1272, 8.0534
220, 8.8204, 8.6670
220, 9.4340, 8.2068
220, 7.9767, 8.1301
220, 8.7437, 8.6670
220, 8.0534, 8.8204
220, 8.8971, 8.0534
220, 8.7437, 8.6670
220, 9.7408, 7.9000
220, 9.6641, 7.9767
220, 8.4369, 8.8204
220, 9.1272, 8.2835
220, 8.5136, 7.8233
220, 9.0505, 8.7437
220, 8.3602, 9.0505
220, 9.4340, 7.9767
220, 8.5136, 8.9738
220, 8.8204, 8.5903
220, 7.6699, 7.7466
220, 9.3573, 8.8204
220, 8.5903, 9.1272
220, 8.8971, 8.0534
220, 8.3602, 8.5136
220, 9.6641, 8.5136
220, 7.9767, 8.0534
220, 9.2039, 9.0505
220, 8.3602, 8.7437
220, 8.9738, 8.1301
220, 8.0534, 8.8971
220, 9.2806, 8.1301
220, 8.5903, 8.2835
220, 9.0505, 8.8971
220, 7.9000, 8.2068
220, 9.0505, 8.0534
220, 8.2835, 8.7437
220, 8.6670, 8.2068
220, 8.0534, 8.2068
220, 9.8942, 8.4369
220, 8.4369, 7.9000
220, 8.8971, 8.0534
220, 8.5903, 8.9738
220, 8.8204, 8.3602
220, 7.7466, 8.1301
220, 9.1272, 9.0505
220, 8.8971, 8.1301
220, 9.0505, 8.0534
220, 8.6670, 9.1272
220, 9.1272, 8.1301
220, 8.5903, 8.0534
220, 8.9738, 9.1272
220, 7.9767, 8.9738
220, 9.7408, 7.7466
220, 8.6670, 8.2068
220, 8.7437, 8.7437
220, 8.5136, 8.4369
220, 9.0505, 9.1272
220, 7.9000, 8.8204
220, 9.1272, 8.1301
220, 9.5874, 8.7437
220, 9.2039, 8.8204
220, 8.6670, 8.0534
220, 8.8971, 9.0505
220, 9.0505, 8.8204
220, 8.8204, 8.4369
220, 8.3602, 8.8204
225, -391.7020, -317.3806
225, 8.8204, 8.8204
225, 9.4340, 8.5136
225, 8.8971, 8.7437
225, 9.8175, 10.1243
225, 8.5903, 9.2039
225, 9.6641, 9.5107
225, 10.2010, 10.5845
225, 10.9680, 9.9709
225, 9.8175, 9.6641
225, 10.2777, 10.8146
225, 10.8146, 10.9680
225, 9.5107, 9.8175
225, 11.2748, 9.9709
225, 10.3544, 10.6612
225, 10.9680, 10.6612
225, 10.2777, 9.8942
225, 10.6612, 9.8942
225, 10.9680, 10.6612
225, 10.5078, 10.9680
225, 11.2748, 10.2010
225, 10.2010, 10.0476
225, 11.0447, 11.1214
225, 10.0476, 11.1981
225, 9.8942, 9.6641
225, 12.0417, 10.2010
225, 10.0476, 10.6612
225, 11.7350, 10.8146
225, 10.2010, 10.2010
225, 11.0447, 10.2777
225, 11.5049, 10.0476
225, 10.8913, 11.1214
225, 10.8913, 11.1214
225, 10.2777, 10.2777
225, 11.5816, 10.8913
225, 10.8146, 10.0476
225, 11.0447, 11.2748
225, 11.8884, 11.1981
225, 10.5845, 9.9709
225, 11.8117, 10.1243
225, 9.8175, 11.1214
225, 11.5049, 11.0447
225, 11.8884, 10.2777
225, 10.5845, 10.5845
225, 11.1981, 11.1214
225, 10.7379, 11.3515
225, 11.2748, 10.4311
225, 11.8884, 10.0476
225, 11.1981, 10.7379
225, 11.3515, 11.3515
225, 10.6612, 11.1981
225, 10.8146, 10.1243
225, 11.5816, 9.8942
225, 11.1214, 10.8913
225, 11.4282, 11.7350
225, 9.8942, 10.4311
225, 11.2748, 10.2777
225, 11.1981, 11.0447
225, 10.5845, 10.8913
225, 12.2718, 9.8175
225, 10.3544, 10.5078
225, 11.6583, 10.2010
225, 11.1981, 10.9680
225, 10.6612, 11.5816
225, 12.4252, 10.6612
225, 10.6612, 9.9709
225, 11.5049, 11.5816
225, 10.4311, 10.9680
225, 10.5845, 9.9709
225, 11.1981, 10.5845
225, 11.5049, 10.5845
225, 11.1214, 11.2748
225, 11.0447, 11.2748
225, 11.1981, 10.2010
225, 11.7350, 9.8942
225, 10.8913, 11.7350
225, 11.8884, 11.6583
225, 10.2010, 11.3515
225, 10.5078, 10.0476
225, 11.1214, 10.4311
225, 10.2010, 10.6612
225, 12.5786, 11.6583
225, 10.9680, 11.3515
225, 11.2748, 10.2010
225, 11.2748, 10.5078
225, 10.3544, 11.3515
225, 11.8117, 11.2748
225, 12.1184, 11.6583
225, 10.8913, 10.3544
225, 11.7350, 10.2010
225, 10.7379, 11.2748
225, 10.1243, 11.5816
225, 12.1951, 10.7379
225, 10.3544, 10.4311
225, 12.1951, 10.1243
225, 11.2748, 11.0447
225, 10.4311, 11.0447
225, 11.8117, 10.4311
225, 10.8913, 10.5078
225, 11.2748, 11.2748
225, 11.8117, 11.0447
225, 10.7379, 11.1981
225, 11.0447, 10.2777
225, 11.1981, 10.2777
225, 11.5816, 11.3515
225, 11.7350, 11.5049
225, 10.5845, 10.2777
225, 11.1214, 10.2777
225, 10.8146, 10.8913
225, 11.0447, 11.5816
225, 11.1214, 10.7379
225, 10.2010, 10.3544
225, 11.5049, 10.2010
225, 10.1243, 11.1981
225, 10.9680, 11.2748
225, 11.8884, 10.4311
225, 10.5845, 10.3544
225, 11.4282, 11.4282
225, 10.0476, 11.1981
225, 10.4311, 10.0476
225, 12.0417, 10.3544
225, 10.2010, 11.7350
225, 11.5816, 11.8117
225, 11.9651, 11.5816
225, 10.2777, 10.5078
225, 11.7350, 10.1243
225, 10.8913, 11.3515
225, 11.7350, 11.7350
225, 11.8117, 10.2777
225, 10.0476, 10.7379
225, 11.7350, 10.3544
225, 10.9680, 10.9680
225, 11.3515, 11.1214
225, 11.2748, 10.8913
225, 10.5078, 10.8146
225, 11.5049, 11.4282
225, 10.7379, 11.3515
225, 11.5816, 11.1981
225, 11.3515, 10.3544
225, 11.0447, 10.5078
225, 11.1214, 11.2748
225, 10.5845, 11.0447
225, 10.8913, 10.8146
225, 11.8884, 10.2010
225, 10.5078, 11.6583
225, 11.7350, 11.0447
225, 11.3515, 11.1214
225, 10.4311, 10.2777
225, 12.3485, 10.1243
225, 9.7408, 11.7350
225, 11.5816, 11.5049
225, 11.8884, 10.3544
225, 11.3515, 10.2010
225, 11.4282, 10.2010
225, 11.1214, 11.5816
225, 11.8884, 11.4282
225, 11.0447, 10.5845
225, 10.1243, 10.2010
225, 11.3515, 11.1981
225, 11.5816, 11.2748
225, 11.7350, 10.6612
225, 12.3485, 10.7379
225, 10.0476, 11.1981
225, 10.9680, 11.7350
225, 11.1214, 10.6612
225, 11.8117, 10.0476
225, 11.2748, 10.4311
225, 10.3544, 11.5049
225, 11.7350, 11.5816
225, 9.8942, 10.4311
225, 12.2718, 10.4311
225, 11.5049, 10.9680
225, 10.7379, 11.1214
225, 11.4282, 10.5845
225, 10.2010, 10.3544
225, 11.8884, 11.3515
225, 12.2718, 10.9680
225, 10.5078, 11.2748
225, 11.2748, 10.2010
225, 10.3544, 10.7379
225, 10.0476, 11.2748
225, 12.2718, 11.0447
225, 10.5845, 10.3544
225, 11.9651, 10.6612
225, 11.5049, 11.8884
225, 10.2777, 10.9680
225, 11.5816, 11.1214
225, 11.0447, 10.2010
225, 11.5049, 10.2777
225, 11.2748, 11.9651
225, 10.7379, 11.8884
225, 11.3515, 10.4311
225, 11.0447, 10.2010
225, 12.1184, 10.2777
225, 11.5816, 10.9680
225, 10.4311, 11.6583
225, 10.8913, 10.8146
225, 10.7379, 10.4311
225, 12.1184, 11.3515
225, 11.5049, 10.9680
230, 534.1321, -85.6728
230, 10.6612, 11.7350
230, 11.2748, 10.5845
230, 10.8146, 10.7379
230, 11.1214, 10.5078
230, 11.7350, 11.4282
230, 11.1214, 11.4282
230, 11.2748, 10.8146
230, 11.8117, 10.5845
230, 11.1214, 11.8117
230, 11.5816, 11.4282
230, 10.5078, 10.3544
230, 11.7350, 10.5845
230, 11.8117, 10.8146
230, 11.6583, 11.9651
230, 11.5816, 11.5816
230, 10.5078, 10.2777
230, 11.1214, 10.4311
230, 11.4282, 10.7379
230, 11.0447, 11.9651
230, 12.1184, 12.0417
230, 11.1214, 10.7379
230, 10.3544, 10.3544
230, 12.0417, 11.6583
230, 10.5845, 11.3515
230, 12.5786, 11.5816
230, 11.8117, 11.1981
230, 10.7379, 10.5845
230, 12.2718, 11.3515
230, 10.4311, 11.9651
230, 12.0417, 10.5845
230, 12.1951, 10.7379
230, 10.8913, 11.7350
230, 11.6583, 11.2748
230, 11.7350, 11.4282
230, 10.3544, 10.7379
230, 12.7320, 10.7379
230, 10.9680, 11.9651
230, 12.3485, 11.5816
230, 12.0417, 10.3544
230, 10.6612, 10.8146
230, 12.0417, 10.8146
230, 10.8146, 11.9651
230, 11.1214, 11.7350
230, 11.9651, 10.3544
230, 10.9680, 10.5078
230, 11.5816, 12.2718
230, 11.9651, 12.0417
230, 10.8146, 10.9680
230, 11.9651, 10.7379
230, 10.5845, 10.5078
230, 11.7350, 11.4282
230, 11.4282, 11.7350
230, 10.8913, 10.3544
230, 11.6583, 10.8146
230, 10.8913, 11.4282
230, 11.9651, 11.5049
230, 11.5816, 10.4311
230, 11.7350, 11.0447
230, 11.5816, 11.8117
230, 11.5049, 11.7350
230, 11.7350, 11.2748
230, 12.0417, 10.5845
230, 11.1981, 10.8913
230, 12.1951, 11.6583
230, 10.8146, 11.5049
230, 11.1214, 10.7379
230, 11.6583, 10.8146
230, 10.8146, 12.0417
230, 12.4252, 11.7350
230, 11.5049, 11.5049
230, 11.1214, 10.6612
230, 11.3515, 10.4311
230, 10.8146, 11.9651
230, 12.3485, 11.8884
230, 11.8117, 10.8146
230, 10.2777, 10.8146
230, 11.7350, 11.2748
230, 10.7379, 11.7350
230, 11.9651, 10.8146
230, 12.5786, 10.7379
230, 10.5078, 10.7379
230, 11.9651, 11.9651
230, 10.4311, 11.6583
230, 11.8117, 10.8146
230, 12.5019, 10.8913
230, 10.5845, 11.3515
230, 11.8117, 11.6583
230, 10.9680, 11.0447
230, 11.5816, 10.5078
230, 12.4252, 10.8146
230, 11.0447, 11.5049
230, 12.1951, 11.3515
230, 11.8884, 11.2748
230, 10.0476, 10.8913
230, 11.9651, 10.8146
230, 11.1981, 11.6583
230, 11.6583, 11.7350
230, 11.5049, 10.5078
230, 10.8913, 10.7379
230, 11.2748, 11.2748
230, 11.6583, 11.3515
230, 12.1951, 10.7379
230, 12.0417, 10.8913
230, 10.9680, 10.7379
230, 11.4282, 11.7350
230, 10.7379, 11.5049
230, 12.3485, 10.9680
230, 11.5049, 10.6612
230, 10.7379, 11.3515
230, 11.8884, 11.6583
230, 11.1981, 10.3544
230, 11.8117, 10.4311
230, 11.4282, 10.7379
230, 11.1214, 11.9651
230, 11.5816, 11.8117
230, 11.9651, 10.5078
230, 11.5049, 10.5845
230, 12.0417, 11.8117
230, 10.4311, 11.8117
230, 10.7379, 11.8884
230, 11.7350, 10.8146
230, 10.5845, 10.6612
230, 12.7320, 11.2748
230, 11.2748, 11.8884
230, 11.1981, 10.5845
230, 11.3515, 11.1981
230, 10.7379, 11.0447
230, 12.7320, 11.6583
230, 11.8884, 11.8884
230, 10.5078, 10.8146
230, 11.5816, 10.6612
230, 10.7379, 11.5816
230, 11.4282, 11.5816
230, 12.8854, 10.7379
230, 10.7379, 11.1214
230, 12.3485, 10.8146
230, 10.5078, 11.5816
230, 12.0417, 11.5816
230, 12.8854, 10.5845
230, 10.8146, 10.8913
230, 11.4282, 11.6583
230, 10.7379, 11.6583
230, 11.5049, 10.9680
230, 11.5049, 10.6612
230, 11.4282, 10.1243
230, 11.5816, 11.7350
230, 11.2748, 11.8117
230, 11.5049, 10.4311
230, 11.8884, 10.8913
230, 11.4282, 11.7350
230, 11.8117, 11.8117
230, 10.4311, 10.8913
230, 11.9651, 10.8913
230, 11.3515, 10.8913
230, 11.5049, 11.6583
230, 12.3485, 11.4282
230, 10.9680, 10.8146
230, 12.0417, 10.8146
230, 11.4282, 10.6612
230, 11.1214, 11.7350
230, 12.0417, 11.5049
230, 10.8913, 10.5845
230, 11.9651, 10.9680
230, 10.9680, 12.0417
230, 10.5078, 11.8117
230, 12.4252, 10.5845
230, 10.7379, 10.4311
230, 11.8117, 10.8146
230, 11.8117, 11.9651
230, 10.8913, 11.6583
230, 12.6553, 11.8117
230, 11.1981, 10.5845
230, 11.3515, 10.8146
230, 11.5816, 12.0417
230, 10.7379, 11.7350
230, 11.2748, 10.5078
230, 11.6583, 10.7379
230, 11.8884, 11.5049
230, 12.2718, 11.8117
230, 11.1214, 11.8117
230, 11.3515, 10.8146
230, 11.0447, 10.9680
230, 12.0417, 11.6583
230, 11.7350, 11.3515
230, 10.8913, 10.7379
230, 11.9651, 10.8913
230, 10.6612, 10.7379
230, 12.8087, 11.3515
230, 11.6583, 11.4282
230, 11.0447, 10.7379
230, 11.5816, 11.1214
230, 10.7379, 11.8117
230, 12.5019, 11.8117
230, 12.1184, 11.0447
230, 10.6612, 10.5845
230, 11.5816, 11.8884
230, 10.5845, 11.7350
230, 11.4282, 11.1214
230, 13.1155, 10.9680
235, -198.1903, -184.0777
235, 11.2748, 10.2777
235, 11.4282, 11.6583
235, 10.8146, 11.5049
235, 12.3485, 11.0447
235, 12.0417, 10.6612
235, 10.7379, 10.5078
235, 11.8884, 11.8884
235, 10.7379, 11.7350
235, 11.8117, 11.3515
235, 12.8087, 10.7379
235, 10.7379, 10.5078
235, 12.3485, 11.2748
235, 10.4311, 12.1184
235, 11.5816, 10.6612
235, 12.1951, 11.1981
235, 11.5049, 11.9651
235, 11.7350, 11.5049
235, 11.0447, 10.6612
235, 11.6583, 10.6612
235, 11.5816, 10.5845
235, 11.5049, 11.9651
235, 11.5816, 11.5049
235, 11.2748, 10.4311
235, 11.5816, 10.7379
235, 12.1951, 12.4252
235, 11.3515, 11.9651
235, 11.7350, 10.8913
235, 10.6612, 10.2777
235, 11.7350, 10.5078
235, 11.3515, 11.6583
235, 11.2748, 11.8117
235, 12.5786, 11.1214
235, 10.8913, 10.8146
235, 12.0417, 11.5816
235, 11.3515, 11.2748
235, 11.0447, 11.8884
235, 12.1184, 10.3544
235, 10.4311, 10.7379
235, 11.5816, 11.3515
235, 12.1951, 11.6583
235, 10.7379, 10.4311
235, 12.5786, 10.2777
235, 10.7379, 10.4311
235, 11.3515, 11.7350
235, 12.0417, 11.6583
235, 10.5845, 10.8146
235, 12.0417, 10.6612
235, 11.1214, 10.8146
235, 11.5049, 11.8884
235, 11.2748, 11.8884
235, 10.5845, 10.6612
235, 11.2748, 10.9680
235, 11.5816, 11.5816
235, 11.9651, 11.5816
235, 12.5019, 11.4282
235, 10.8913, 10.8913
235, 11.5816, 10.8146
235, 11.1981, 11.7350
235, 11.1214, 11.8884
235, 11.1981, 11.0447
235, 10.4311, 10.5078
235, 12.0417, 11.4282
235, 10.6612, 12.1951
235, 12.5786, 11.9651
235, 11.4282, 10.8146
235, 11.2748, 10.7379
235, 12.1184, 11.2748
235, 10.8146, 11.1981
235, 12.6553, 12.6553
235, 12.2718, 10.9680
235, 10.4311, 10.5078
235, 12.0417, 11.9651
235, 10.8146, 11.8117
235, 11.4282, 12.1184
235, 12.8854, 10.7379
235, 10.8146, 10.8913
235, 12.5019, 11.5816
235, 10.3544, 11.2748
235, 10.6612, 10.7379
235, 12.2718, 10.9680
235, 10.8913, 10.9680
235, 11.5049, 11.9651
235, 11.3515, 11.7350
235, 10.8913, 10.5078
235, 11.7350, 11.1214
235, 11.3515, 11.9651
235, 11.3515, 11.9651
235, 11.6583, 10.5845
235, 10.5078, 10.2777
235, 11.4282, 11.0447
235, 10.9680, 12.1184
235, 11.9651, 11.4282
235, 10.5845, 10.8913
235, 12.2718, 10.8913
235, 11.5049, 11.5816
235, 11.2748, 12.0417
235, 12.6553, 11.9651
235, 10.5078, 10.6612
235, 12.3485, 10.7379
235, 11.0447, 11.4282
235, 10.7379, 11.5049
235, 11.8884, 11.0447
235, 10.6612, 10.7379
235, 11.8117, 11.7350
235, 11.8884, 11.5816
235, 10.8913, 10.5845
235, 12.6553, 10.8146
235, 11.1214, 10.8913
235, 11.6583, 11.8117
235, 11.5816, 11.8117
235, 10.7379, 10.4311
235, 12.2718, 10.6612
235, 11.3515, 12.1951
235, 11.5816, 11.9651
235, 11.5049, 11.8884
235, 10.9680, 11.1214
235, 11.3515, 10.5078
235, 11.4282, 11.6583
235, 11.9651, 11.7350
235, 12.0417, 10.9680
235, 10.9680, 10.8146
235, 11.8884, 11.5816
235, 11.1214, 11.4282
235, 12.1184, 12.0417
235, 11.5816, 10.8146
235, 10.5845, 10.7379
235, 12.1184, 11.8117
235, 10.5078, 11.8117
235, 13.0388, 11.0447
235, 11.3515, 11.0447
235, 10.8146, 11.1981
235, 11.7350, 11.7350
235, 10.9680, 11.6583
235, 12.9621, 10.5078
235, 12.1184, 11.3515
235, 10.2777, 12.1951
235, 11.7350, 11.8884
235, 11.8117, 11.7350
235, 10.3544, 10.7379
235, 12.5786, 10.8146
235, 10.6612, 11.9651
235, 12.6553, 11.6583
235, 11.8884, 11.7350
235, 10.8913, 10.5845
235, 12.5786, 10.2777
235, 11.1214, 11.9651
235, 11.5816, 12.1184
235, 11.8117, 11.8884
235, 10.5078, 11.1981
235, 12.2718, 10.5845
235, 12.2718, 11.8117
235, 10.5078, 12.0417
235, 12.2718, 11.4282
235, 10.3544, 10.6612
235, 11.8884, 10.5078
235, 13.0388, 11.5816
235, 10.5845, 11.8884
235, 11.1981, 10.6612
235, 11.1214, 10.8913
235, 11.8884, 11.6583
235, 12.6553, 11.2748
235, 11.4282, 11.7350
235, 11.5049, 11.1214
235, 11.7350, 10.8146
235, 11.6583, 11.8117
235, 12.1184, 11.5049
235, 11.1981, 11.4282
235, 11.6583, 10.6612
235, 10.4311, 11.1214
235, 12.1951, 11.9651
235, 11.5816, 11.7350
235, 11.5049, 10.6612
235, 12.1184, 10.8913
235, 10.8913, 10.5845
235, 11.9651, 11.8884
235, 11.6583, 11.8117
235, 11.5049, 10.6612
235, 12.3485, 10.4311
235, 10.7379, 11.3515
235, 12.0417, 12.1951
235, 11.8884, 12.0417
235, 10.5845, 10.7379
235, 13.1155, 10.5845
235, 11.1214, 10.9680
235, 12.4252, 11.8117
235, 11.5816, 11.2748
235, 10.3544, 10.4311
235, 12.0417, 10.3544
235, 11.1981, 11.4282
235, 10.9680, 11.8884
235, 12.1184, 12.0417
235, 10.8913, 10.8913
235, 11.5049, 10.9680
235, 12.7320, 11.5049
235, 10.6612, 11.8884
235, 12.1951, 11.8884
235, 10.8913, 11.1214
235, 11.0447, 10.9680
235, 12.5786, 11.5049
240, 379.1234, -105.1544
240, 10.7379, 12.0417
240, 11.7350, 11.8117
240, 10.6612, 10.5845
240, 11.6583, 10.5078
240, 12.9621, 10.5845
240, 11.0447, 11.8117
240, 12.3485, 12.1951
240, 10.2777, 10.8913
240, 10.5078, 10.6612
240, 12.2718, 11.3515
240, 10.9680, 11.1981
240, 11.4282, 11.1214
240, 11.4282, 10.7379
240, 11.1214, 10.8146
240, 12.1184, 12.1951
240, 11.0447, 11.6583
240, 11.3515, 10.6612
240, 11.1981, 10.8146
240, 11.5049, 11.5816
240, 12.3485, 11.8884
240, 11.5049, 10.5845
240, 11.5816, 10.5078
240, 10.5845, 11.5816
240, 10.6612, 12.2718
240, 11.6583, 12.1184
240, 11.1214, 10.8146
240, 12.4252, 10.7379
240, 10.9680, 10.7379
240, 10.5845, 11.8884
240, 11.2748, 11.4282
240, 10.8146, 10.8146
240, 12.7320, 10.3544
240, 12.0417, 11.6583
240, 10.6612, 12.2718
240, 12.0417, 12.0417
240, 10.4311, 10.8146
240, 13.0388, 10.8146
240, 11.7350, 11.6583
240, 11.1981, 11.6583
240, 11.9651, 10.9680
240, 10.6612, 11.0447
240, 12.4252, 10.9680
240, 12.3485, 11.5816
240, 10.4311, 11.5816
240, 11.6583, 10.5845
240, 10.5845, 10.9680
240, 11.2748, 10.9680
240, 12.5786, 12.0417
240, 11.0447, 11.7350
240, 12.5786, 10.5078
240, 10.7379, 10.7379
240, 11.7350, 11.7350
240, 12.3485, 11.8117
240, 11.1981, 11.6583
240, 11.7350, 10.2777
240, 11.0447, 10.8913
240, 12.0417, 11.5816
240, 11.1214, 11.9651
240, 11.5816, 10.8913
240, 11.8884, 10.8146
240, 11.5049, 10.4311
240, 11.7350, 11.8884
240, 11.1214, 12.1951
240, 11.3515, 10.9680
240, 12.1184, 10.7379
240, 10.8146, 11.3515
240, 11.7350, 12.0417
240, 11.6583, 12.1951
240, 10.8146, 10.9680
240, 12.6553, 11.1981
240, 10.5078, 10.8146
240, 12.1951, 11.5816
240, 11.5049, 12.1951
240, 10.6612, 10.8146
240, 12.6553, 10.9680
240, 10.8146, 11.8884
240, 11.4282, 11.0447
240, 12.1951, 11.7350
240, 10.8146, 11.1981
240, 12.0417, 10.6612
240, 12.5019, 10.7379
240, 11.1981, 11.5816
240, 12.3485, 11.5049
240, 10.3544, 11.1981
240, 11.8884, 10.8146
240, 12.4252, 11.5049
240, 10.9680, 11.5816
240, 11.7350, 11.3515
240, 11.0447, 11.0447
240, 11.5049, 10.9680
240, 12.0417, 11.6583
240, 11.4282, 11.5049
240, 12.0417, 10.6612
240, 11.9651, 10.5078
240, 10.5078, 11.0447
240, 12.1184, 12.1184
240, 11.1214, 11.8884
240, 11.4282, 11.8117
240, 11.6583, 10.3544
240, 11.1214, 10.4311
240, 12.0417, 11.8117
240, 11.9651, 11.5049
240, 11.8884, 11.8884
240, 11.8117, 10.6612
240, 10.8146, 10.6612
240, 11.5816, 10.7379
240, 11.5816, 12.0417
240, 12.5019, 11.8884
240, 11.5049, 10.8913
240, 10.5078, 10.5845
240, 11.7350, 10.6612
240, 10.3544, 11.8884
240, 12.8854, 11.8117
240, 11.8117, 10.5078
240, 11.2748, 10.8913
240, 11.5816, 11.6583
240, 10.5078, 11.8117
240, 12.3485, 11.9651
240, 12.4252, 11.1981
240, 10.6612, 10.8913
240, 11.7350, 11.5049
240, 10.8146, 11.5816
240, 11.8117, 10.7379
240, 12.8087, 10.9680
240, 10.4311, 10.7379
240, 12.1951, 12.0417
240, 11.5049, 11.5049
240, 10.8146, 11.8117
240, 12.8854, 10.7379
240, 11.1214, 10.9680
240, 11.8884, 12.1184
240, 12.1184, 11.5049
240, 10.6612, 11.5049
240, 11.7350, 10.8913
240, 11.4282, 11.1981
240, 11.0447, 10.9680
240, 12.1184, 11.7350
240, 10.6612, 11.5049
240, 12.1184, 10.5845
240, 12.5019, 10.8913
240, 10.8146, 10.7379
240, 11.2748, 11.5816
240, 10.6612, 11.6583
240, 11.9651, 10.3544
240, 12.5019, 11.2748
240, 11.2748, 11.1214
240, 11.6583, 11.8884
240, 10.8913, 11.8884
240, 10.2010, 10.5845
240, 12.4252, 10.8146
240, 11.4282, 11.0447
240, 11.5049, 11.5816
240, 10.8146, 11.7350
240, 11.8884, 10.4311
240, 11.3515, 10.4311
240, 11.5816, 11.8117
240, 11.8884, 12.3485
240, 11.5049, 12.2718
240, 11.6583, 10.5078
240, 11.3515, 10.9680
240, 11.5049, 11.0447
240, 12.2718, 11.5816
240, 10.7379, 12.1951
240, 11.9651, 11.1981
240, 11.9651, 10.6612
240, 10.5845, 11.3515
240, 13.1155, 11.6583
240, 10.5845, 11.6583
240, 12.7320, 11.0447
240, 11.5816, 10.8913
240, 11.1214, 11.5816
240, 12.3485, 11.8884
240, 10.9680, 10.5845
240, 10.8146, 10.3544
240, 12.0417, 10.6612
240, 10.7379, 11.4282
240, 12.1951, 11.9651
240, 12.8087, 11.0447
240, 10.7379, 10.8913
240, 12.3485, 10.6612
240, 10.5845, 11.8117
240, 12.1951, 11.6583
240, 12.4252, 10.4311
240, 10.8913, 10.8913
240, 11.6583, 10.7379
240, 11.4282, 11.8117
240, 12.1184, 11.5049
240, 12.5786, 10.2010
240, 11.0447, 11.4282
240, 12.1184, 12.1951
240, 10.8146, 11.6583
240, 11.8884, 11.6583
240, 11.5049, 10.8913
240, 11.4282, 10.8146
240, 11.5049, 12.0417
240, 10.7379, 11.5816
240, 11.4282, 10.6612
240, 11.8117, 11.0447
240, 12.1184, 10.8913
245, -216.2146, 3.8350
245, 12.3485, 11.6583
245, 10.5078, 12.2718
245, 11.6583, 11.8117
245, 10.9680, 10.5078
245, 12.1951, 10.5845
245, 11.9651, 11.9651
245, 11.1214, 12.0417
245, 12.1184, 10.8146
245, 10.6612, 10.5078
245, 12.6553, 10.5078
245, 11.3515, 11.8884
245, 11.5816, 12.1951
245, 11.9651, 11.8117
245, 11.0447, 10.8913
245, 11.5049, 10.8146
245, 11.8884, 11.8884
245, 10.5078, 11.9651
245, 12.1184, 11.8117
245, 10.5078, 10.8146
245, 12.4252, 10.5078
245, 12.6553, 11.3515
245, 11.1214, 11.5816
245, 12.1184, 10.8913
245, 11.6583, 11.1214
245, 11.1214, 11.1214
245, 12.2718, 11.6583
245, 10.6612, 11.5049
245, 12.1951, 11.6583
245, 12.1951, 10.5078
245, 10.9680, 10.8913
245, 12.9621, 11.7350
245, 10.8913, 11.6583
245, 11.8117, 12.1951
245, 11.8117, 11.1214
245, 10.5845, 10.8913
245, 12.3485, 11.8117
245, 11.4282, 11.6583
245, 10.4311, 11.7350
245, 12.0417, 11.3515
245, 11.0447, 10.8146
245, 11.3515, 10.5078
245, 13.1155, 11.6583
245, 10.9680, 11.8117
245, 12.5786, 11.0447
245, 10.7379, 10.9680
245, 11.5816, 10.7379
245, 12.4252, 12.0417
245, 11.1981, 11.5816
245, 11.8884, 10.6612
245, 11.4282, 11.1214
245, 10.7379, 10.6612
245, 11.5816, 11.6583
245, 11.9651, 11.8117
245, 11.5816, 10.3544
245, 12.1951, 10.5845
245, 10.4311, 11.2748
245, 12.1184, 12.0417
245, 11.3515, 11.3515
245, 12.0417, 10.5845
245, 11.7350, 10.8913
245, 11.1214, 11.1214
245, 11.3515, 12.0417
245, 11.1214, 12.1184
245, 12.8087, 10.9680
245, 11.9651, 10.5078
245, 11.3515, 10.5078
245, 11.5816, 11.8884
245, 11.1981, 11.9651
245, 12.3485, 10.5845
245, 11.8117, 10.5845
245, 10.8146, 11.5049
245, 12.3485, 12.1184
245, 10.8146, 12.1184
245, 11.8117, 10.8146
245, 11.8117, 10.2010
245, 11.2748, 12.2718
245, 11.8117, 12.1184
245, 10.3544, 11.6583
245, 11.5049, 10.3544
245, 12.5786, 10.8913
245, 10.8146, 11.8884
245, 11.9651, 12.0417
245, 12.0417, 12.1951
245, 10.8913, 10.5078
245, 13.0388, 10.7379
245, 10.5845, 10.4311
245, 12.5786, 11.5049
245, 11.5816, 11.8884
245, 10.8913, 10.6612
245, 12.6553, 10.7379
245, 11.0447, 10.8913
245, 11.5816, 11.4282
245, 12.0417, 11.5816
245, 10.8146, 10.8146
245, 12.0417, 10.5845
245, 11.5816, 11.8117
245, 11.8884, 11.5049
245, 12.3485, 11.5049
245, 10.7379, 10.5845
245, 12.1184, 11.2748
245, 11.5816, 12.2718
245, 12.0417, 12.2718
245, 11.9651, 10.8146
245, 11.1981, 10.6612
245, 11.5816, 10.9680
245, 11.8117, 12.1184
245, 12.3485, 11.6583
245, 12.1951, 10.8146
245, 10.9680, 10.8146
245, 11.2748, 10.8913
245, 11.4282, 11.9651
245, 12.1184, 11.8117
245, 11.6583, 10.8913
245, 11.1981, 11.1214
245, 11.8884, 11.7350
245, 10.5845, 11.4282
245, 13.0388, 11.5816
245, 10.6612, 10.8146
245, 11.1214, 10.7379
245, 11.6583, 11.5816
245, 10.6612, 11.5816
245, 12.1951, 11.8884
245, 12.5786, 10.6612
245, 10.5845, 10.8913
245, 11.9651, 11.8117
245, 10.8146, 11.5049
245, 11.8884, 10.8146
245, 12.0417, 10.8146
245, 11.1214, 10.9680
245, 12.3485, 11.5816
245, 10.2777, 11.5049
245, 12.0417, 10.9680
245, 12.4252, 11.0447
245, 10.8146, 10.7379
245, 11.5816, 12.0417
245, 11.1981, 11.5049
245, 11.8884, 10.9680
245, 12.5019, 11.1214
245, 11.4282, 10.7379
245, 11.7350, 12.0417
245, 10.8146, 11.8117
245, 11.7350, 10.5078
245, 12.1951, 10.9680
245, 11.3515, 12.1951
245, 11.7350, 11.6583
245, 10.3544, 11.4282
245, 11.9651, 10.8913
245, 11.5816, 10.6612
245, 11.4282, 12.2718
245, 12.4252, 11.4282
245, 11.1981, 11.3515
245, 11.8884, 11.1981
245, 11.4282, 10.5845
245, 11.4282, 11.4282
245, 12.2718, 12.3485
245, 10.6612, 10.8146
245, 11.7350, 11.0447
245, 12.0417, 10.8146
245, 10.4311, 11.5049
245, 12.9621, 11.8117
245, 10.7379, 10.8146
245, 12.3485, 10.8913
245, 11.7350, 11.9651
245, 10.8913, 11.6583
245, 12.6553, 11.5049
245, 12.5019, 10.8913
245, 10.5078, 11.0447
245, 11.8884, 10.8913
245, 10.8146, 11.7350
245, 11.8884, 11.8884
245, 12.0417, 10.9680
245, 10.7379, 10.8913
245, 12.1184, 11.9651
245, 10.6612, 11.9651
245, 11.5816, 11.5816
245, 12.4252, 10.7379
245, 11.1214, 10.8146
245, 11.6583, 11.9651
245, 10.9680, 11.9651
245, 11.6583, 11.6583
245, 11.1981, 10.7379
245, 11.7350, 10.8913
245, 11.5049, 11.8884
245, 10.9680, 11.7350
245, 11.4282, 11.6583
245, 12.1951, 10.5078
245, 11.6583, 10.7379
245, 11.7350, 11.7350
245, 10.5845, 11.5816
245, 11.7350, 11.9651
245, 11.5049, 10.7379
245, 11.4282, 10.8913
245, 12.3485, 11.7350
245, 11.2748, 12.1951
245, 12.1184, 11.9651
245, 11.5816, 10.8146
245, 11.3515, 10.5845
245, 12.5786, 11.9651
245, 10.7379, 12.0417
250, 560.6700, 176.2544
250, 11.7350, 11.7350
250, 11.3515, 10.8146
250, 11.9651, 10.5845
250, 11.8884, 12.0417
250, 11.1214, 12.0417
250, 11.8117, 11.7350
250, 11.5816, 10.6612
250, 11.1981, 10.5845
250, 12.7320, 12.0417
250, 10.7379, 12.2718
250, 12.1184, 10.9680
250, 11.5049, 11.0447
250, 10.1243, 10.8913
250, 12.6553, 11.1981
250, 10.5845, 12.1184
250, 12.2718, 12.1951
250, 11.4282, 11.2748
250, 10.6612, 10.8146
250, 12.4252, 11.5049
250, 11.1981, 11.7350
250, 10.6612, 11.3515
250, 11.7350, 10.7379
250, 11.0447, 10.5845
250, 12.0417, 11.6583
250, 11.8117, 12.1951
250, 9.9709, 11.2748
250, 12.2718, 10.7379
250, 10.4311, 11.8117
250, 12.0417, 11.8117
250, 12.5019, 11.7350
250, 11.0447, 10.8146
250, 11.5816, 10.8913
250, 11.0447, 12.1184
250, 11.4282, 11.9651
250, 12.8854, 11.8117
250, 11.0447, 10.7379
250, 11.3515, 10.8146
250, 11.3515, 11.3515
250, 11.7350, 11.7350
250, 12.1184, 11.5816
250, 11.5049, 10.9680
250, 11.6583, 10.6612
250, 10.6612, 11.7350
250, 11.8117, 11.7350
250, 11.5816, 10.6612
250, 11.6583, 10.5845
250, 12.5019, 10.6612
250, 11.3515, 12.1184
250, 11.8117, 11.9651
250, 11.4282, 11.0447
250, 11.0447, 10.6612
250, 12.1184, 11.5049
250, 10.7379, 11.5049
250, 11.8117, 10.8913
250, 12.0417, 10.8146
250, 10.6612, 11.0447
250, 13.1922, 11.8884
250, 11.2748, 11.7350
250, 12.4252, 10.8146
250, 11.7350, 11.1981
250, 10.5845, 10.5845
250, 12.3485, 11.8117
250, 11.4282, 11.4282
250, 11.8884, 10.9680
250, 11.9651, 11.5049
250, 10.8913, 10.7379
250, 11.3515, 11.5816
250, 11.6583, 11.7350
250, 11.5049, 10.8146
250, 12.5019, 11.3515
250, 10.6612, 11.4282
250, 11.7350, 11.5049
250, 11.1981, 10.5845
250, 11.7350, 10.7379
250, 11.4282, 10.6612
250, 11.0447, 11.8884
250, 11.9651, 11.7350
250, 10.7379, 10.9680
250, 13.1922, 10.6612
250, 11.6583, 11.0447
250, 11.1981, 12.1184
250, 11.2748, 11.9651
250, 10.7379, 10.5845
250, 12.4252, 10.7379
250, 11.8884, 10.8913
250, 10.8913, 11.3515
250, 12.1184, 11.8884
250, 12.0417, 12.2718
250, 11.5049, 10.6612
250, 12.2718, 10.5078
250, 10.8146, 10.4311
250, 11.9651, 12.2718
250, 11.8117, 12.3485
250, 11.0447, 10.3544
250, 12.5786, 10.7379
250, 10.6612, 10.7379
250, 11.5049, 11.8884
250, 12.1184, 11.8884
250, 10.7379, 10.8913
250, 12.5019, 10.8913
250, 10.8146, 11.7350
250, 11.9651, 11.4282
250, 12.3485, 11.9651
250, 10.8913, 10.7379
250, 12.5786, 10.8913
250, 11.3515, 11.0447
250, 11.5049, 11.7350
250, 11.4282, 11.5049
250, 10.6612, 10.6612
250, 11.1981, 10.9680
250, 13.0388, 11.0447
250, 11.1981, 11.8884
250, 12.1951, 11.7350
250, 10.6612, 11.0447
250, 11.5816, 10.5845
250, 12.3485, 10.2777
250, 11.0447, 11.8117
250, 11.5049, 11.5049
250, 10.8913, 10.7379
250, 12.2718, 11.2748
250, 12.0417, 12.2718
250, 11.6583, 11.3515
250, 11.6583, 11.6583
250, 11.3515, 11.1214
250, 11.5049, 11.2748
250, 12.1951, 10.8146
250, 11.6583, 11.4282
250, 11.9651, 11.7350
250, 11.4282, 11.8884
250, 11.1214, 10.5845
250, 11.8117, 10.7379
250, 10.8913, 11.7350
250, 12.8087, 11.6583
250, 11.8117, 11.9651
250, 11.5049, 10.7379
250, 11.7350, 10.8913
250, 11.0447, 11.5816
250, 12.5019, 11.5049
250, 11.6583, 11.6583
250, 10.4311, 10.8146
250, 12.1951, 10.8146
250, 10.5078, 11.9651
250, 12.1951, 11.5816
250, 11.8884, 11.8117
250, 10.4311, 10.7379
250, 11.6583, 10.8146
250, 10.2010, 11.8884
250, 10.8146, 12.0417
250, 12.1951, 11.6583
250, 10.5845, 10.8913
250, 11.5049, 10.5845
250, 11.7350, 10.5845
250, 10.5078, 11.7350
250, 12.0417, 12.1184
250, 11.1981, 10.9680
250, 11.7350, 10.8913
250, 11.8117, 10.4311
250, 10.0476, 11.6583
250, 11.8884, 11.7350
250, 11.3515, 10.7379
250, 10.5845, 10.7379
250, 11.5049, 10.6612
250, 10.8913, 11.8884
250, 11.5816, 11.9651
250, 11.8117, 11.1214
250, 11.1214, 11.1214
250, 11.8117, 11.7350
250, 10.6612, 11.5816
250, 11.0447, 11.6583
250, 11.7350, 10.8146
250, 11.3515, 11.0447
250, 11.7350, 11.7350
250, 10.6612, 11.7350
250, 11.9651, 10.3544
250, 11.5049, 11.0447
250, 11.0447, 10.8146
250, 11.9651, 11.3515
250, 11.1981, 11.7350
250, 11.5816, 11.5816
250, 11.5816, 10.5845
250, 11.4282, 11.0447
250, 12.3485, 10.9680
250, 10.5845, 11.8884
250, 10.5845, 11.8117
250, 11.5816, 10.7379
250, 10.2010, 11.0447
250, 12.5786, 11.1981
250, 10.6612, 11.8117
250, 10.8913, 11.9651
250, 11.5049, 10.7379
250, 10.6612, 10.9680
250, 12.5786, 10.7379
250, 12.3485, 11.8884
250, 10.5078, 11.8884
250, 11.9651, 10.4311
250, 10.8913, 10.4311
250, 11.6583, 10.8146
250, 13.0388, 11.6583
250, 10.7379, 11.7350
