89556311,922,-5849
89556386,922,-5849
89556456,922,-5849
89556527,922,-5849
89557344,922,-5849
89558906,922,-5850
89560989,922,-5851
89562552,922,-5852
89564114,922,-5853
89566197,922,-5855
89567761,922,-5857
89569323,922,-5859
89571406,922,-5862
89572969,922,-5865
89574531,922,-5867
89576614,922,-5871
89578177,922,-5874
89579740,922,-5878
89581822,922,-5882
89583385,922,-5886
89584948,922,-5889
89587031,922,-5894
89588593,922,-5898
89590157,922,-5902
89592239,922,-5907
89593801,922,-5911
89595365,922,-5915
89597447,922,-5921
89599010,922,-5925
89600573,922,-5930
89602656,922,-5936
89604217,922,-5940
89605781,922,-5945
89607865,922,-5951
89609427,922,-5956
89610989,922,-5961
89613072,922,-5967
89614635,922,-5972
89616198,921,-5977
89618281,921,-5984
89619844,921,-5989
89621407,921,-5995
89623491,921,-6002
89625052,921,-6007
89626615,921,-6012
89628698,921,-6020
89630260,921,-6025
89631822,921,-6031
89633906,921,-6038
89635468,921,-6044
89637032,921,-6049
89639114,921,-6057
89640676,921,-6063
89642239,921,-6069
89644322,921,-6076
89645885,921,-6082
89647448,921,-6088
89649530,921,-6096
89651094,920,-6102
89652656,920,-6108
89654739,920,-6116
89656302,920,-6122
89657864,920,-6128
89659947,920,-6136
89661511,920,-6142
89663073,920,-6148
89665156,920,-6156
89666718,919,-6162
89668282,919,-6168
89670364,919,-6176
89671926,919,-6182
89673489,918,-6188
89675573,918,-6197
89677135,918,-6203
89678699,917,-6209
89680781,917,-6217
89682343,916,-6224
89683906,916,-6230
89685988,915,-6239
89687552,915,-6245
89689114,914,-6252
89691197,914,-6260
89692761,913,-6267
89694323,912,-6273
89696406,912,-6282
89697968,911,-6288
89699532,910,-6295
89701614,909,-6303
89703177,908,-6310
89704741,907,-6316
89706822,906,-6325
89708386,905,-6332
89709948,904,-6338
89712032,903,-6347
89713593,902,-6354
89715155,901,-6360
89717241,899,-6369
89718803,898,-6376
89720365,897,-6383
89722449,895,-6392
89724011,894,-6398
89725573,892,-6405
89727657,890,-6414
89729220,889,-6421
89730782,887,-6427
89732866,885,-6436
89734428,884,-6443
89735990,882,-6450
89738073,880,-6459
89739637,878,-6466
89741199,876,-6472
89743281,874,-6481
89744845,872,-6488
89746407,870,-6495
89748490,867,-6504
89750052,866,-6511
89751616,864,-6518
89753698,861,-6527
89755261,859,-6534
89756825,856,-6541
89758907,854,-6550
89760470,852,-6557
89762033,849,-6563
89764115,846,-6573
89765678,844,-6580
89767241,841,-6587
89769323,838,-6596
89770886,835,-6603
89772449,832,-6610
89774532,829,-6619
89776094,826,-6626
89777657,823,-6633
89779741,819,-6643
89781303,816,-6649
89782865,813,-6656
89784950,809,-6666
89786512,806,-6673
89788075,803,-6680
89790157,799,-6689
89791719,796,-6696
89793282,792,-6703
89795365,788,-6712
89796928,784,-6719
89798490,781,-6726
89800574,776,-6735
89802136,773,-6742
89803699,769,-6749
89805782,764,-6758
89807345,761,-6765
89808907,757,-6772
89810990,752,-6781
89812554,748,-6789
89814117,744,-6796
89816198,740,-6805
89817762,736,-6812
89819324,732,-6819
89821406,727,-6828
89822970,723,-6835
89824533,719,-6842
89826615,714,-6852
89828178,710,-6859
89829742,706,-6866
89831823,701,-6875
89833386,697,-6882
89834949,693,-6889
89837033,687,-6899
89838594,684,-6906
89840158,679,-6913
89842240,674,-6922
89843804,670,-6930
89845367,665,-6937
89847448,660,-6946
89849012,655,-6953
89850574,651,-6960
89852658,645,-6970
89854219,641,-6977
89855783,636,-6984
89857865,631,-6993
89859428,626,-7000
89860992,622,-7008
89863074,616,-7017
89864636,612,-7024
89866199,607,-7031
89868282,601,-7041
89869844,596,-7048
89871407,592,-7055
89873491,586,-7065
89875053,581,-7072
89876616,576,-7079
89878699,570,-7088
89880262,565,-7096
89881824,561,-7103
89883907,554,-7112
89885469,550,-7119
89887033,545,-7127
89889115,538,-7136
89890679,533,-7143
89892241,528,-7150
89894323,522,-7160
89895887,517,-7167
89897449,512,-7174
89899532,505,-7184
89901094,500,-7191
89902658,495,-7198
89904740,489,-7208
89906302,484,-7215
89907866,478,-7222
89909948,472,-7232
89911511,467,-7239
89913074,462,-7246
89915157,454,-7256
89916719,449,-7263
89918282,444,-7270
89920364,437,-7280
89921928,432,-7287
89923491,427,-7294
89925573,420,-7304
89927135,415,-7311
89928700,410,-7318
89930782,402,-7328
89932344,397,-7335
89933908,392,-7342
89935989,385,-7352
89937553,379,-7359
89939116,374,-7366
89941198,367,-7376
89942761,361,-7383
89944324,356,-7390
89946407,348,-7400
89947969,343,-7407
89949533,337,-7414
89951615,330,-7424
89953178,324,-7431
89954741,319,-7438
89956824,312,-7448
89958386,306,-7455
89959948,300,-7462
89962032,293,-7472
89963594,287,-7479
89965159,281,-7487
89967240,274,-7496
89968803,268,-7503
89970366,262,-7511
89972449,255,-7520
89974012,249,-7527
89975574,243,-7535
89977658,235,-7544
89979220,230,-7551
89980782,224,-7559
89982865,216,-7568
89984428,210,-7575
89986001,204,-7583
89988081,196,-7592
89989645,190,-7599
89991207,184,-7606
89993290,177,-7616
89994853,171,-7623
89996415,165,-7630
89998500,157,-7640
90000061,151,-7647
90001624,145,-7654
90003706,137,-7663
90005269,131,-7670
90006833,125,-7678
90008915,117,-7687
90010477,111,-7694
90012042,105,-7701
90014124,96,-7711
90015687,90,-7718
90017249,84,-7725
90018811,78,-7732
90020374,72,-7739
90021936,66,-7746
90024019,58,-7756
90025582,51,-7763
90027144,45,-7770
90028708,39,-7777
90030269,33,-7784
90031832,26,-7791
90033914,18,-7801
90035478,12,-7808
90037040,5,-7815
90038602,-1,-7822
90040166,-7,-7829
90041728,-14,-7836
90043810,-22,-7845
90045374,-28,-7852
90046937,-34,-7860
90049019,-43,-7869
90050582,-49,-7876
90052145,-56,-7883
90054228,-64,-7892
90055790,-70,-7899
90057354,-77,-7906
90059436,-85,-7916
90060998,-92,-7923
90062562,-98,-7930
90064644,-106,-7939
90066207,-113,-7946
90068290,-122,-7955
90069853,-128,-7962
90071936,-137,-7972
90073500,-143,-7979
90075581,-152,-7988
90077144,-158,-7995
90079228,-167,-8004
90080790,-174,-8011
90082873,-182,-8020
90084437,-189,-8027
90086520,-198,-8037
90088081,-204,-8044
90090166,-213,-8053
90091728,-219,-8060
90093810,-228,-8069
90095373,-234,-8076
90097456,-243,-8085
90099019,-249,-8092
90101103,-258,-8101
90102665,-265,-8108
90104747,-274,-8117
90106312,-280,-8124
90108394,-289,-8133
90109957,-296,-8140
90112040,-304,-8149
90113603,-311,-8156
90115686,-320,-8165
90117251,-327,-8172
90119332,-336,-8181
90120895,-342,-8188
90122979,-351,-8197
90124540,-358,-8203
90126624,-367,-8212
90128187,-373,-8219
90130269,-382,-8228
90131832,-389,-8235
90133916,-398,-8244
90135478,-405,-8250
90137561,-414,-8259
90139123,-420,-8266
90141207,-429,-8275
90142769,-436,-8281
90144852,-445,-8290
90146415,-452,-8297
90148500,-461,-8306
90150061,-468,-8312
90152144,-477,-8321
90153707,-484,-8328
90155789,-493,-8336
90157353,-500,-8343
90159437,-509,-8352
90160999,-516,-8358
90163081,-525,-8367
90164645,-532,-8373
90166727,-541,-8382
90168292,-548,-8389
90170373,-557,-8397
90171937,-564,-8404
90174021,-573,-8412
90175583,-580,-8419
90177664,-589,-8427
90179229,-596,-8434
90181311,-605,-8442
90182874,-612,-8449
90184958,-621,-8457
90186521,-628,-8464
90188604,-638,-8472
90190167,-645,-8478
90192248,-654,-8487
90193813,-661,-8493
90195895,-670,-8501
90197457,-677,-8508
90199540,-686,-8516
90201104,-693,-8522
90203186,-702,-8531
90204750,-710,-8537
90206834,-719,-8545
90208394,-726,-8551
90210478,-735,-8560
90212042,-742,-8566
90214123,-752,-8574
90215686,-758,-8580
90217771,-768,-8588
90219332,-775,-8594
90221416,-784,-8603
90222979,-791,-8609
90225061,-801,-8617
90226623,-808,-8623
90228708,-817,-8631
90230269,-824,-8637
90232353,-834,-8645
90233916,-840,-8651
90235998,-850,-8659
90237560,-857,-8665
90239645,-866,-8673
90241207,-873,-8679
90243289,-883,-8687
90244854,-890,-8693
90246936,-899,-8701
90248500,-906,-8707
90250582,-916,-8714
90252145,-923,-8720
90254227,-932,-8728
90255790,-939,-8734
90257874,-949,-8741
90259436,-956,-8747
90261518,-965,-8755
90263082,-972,-8761
90265163,-982,-8768
90266726,-989,-8774
90268812,-999,-8782
90270372,-1006,-8787
90272456,-1015,-8795
90274020,-1022,-8800
90276101,-1032,-8808
90278185,-1041,-8815
90279749,-1048,-8821
90281830,-1058,-8828
90283915,-1067,-8835
90285478,-1074,-8841
90287559,-1084,-8848
90289644,-1094,-8855
90291206,-1101,-8861
90293288,-1110,-8868
90295374,-1120,-8875
90296935,-1127,-8880
90299019,-1137,-8887
90301104,-1146,-8895
90302664,-1153,-8900
90304748,-1163,-8907
90306831,-1172,-8914
90308394,-1180,-8919
90310476,-1189,-8926
90312561,-1198,-8933
90314123,-1206,-8938
90316206,-1215,-8945
90318290,-1225,-8951
90319852,-1232,-8956
90321936,-1242,-8963
90324020,-1251,-8970
90325581,-1258,-8975
90327664,-1268,-8981
90329749,-1278,-8988
90331310,-1285,-8993
90333394,-1294,-8999
90335477,-1304,-9006
90337039,-1311,-9010
90339122,-1321,-9017
90341206,-1330,-9023
90342768,-1338,-9028
90344852,-1347,-9034
90346936,-1357,-9040
90348498,-1364,-9045
90350582,-1374,-9051
90352664,-1383,-9057
90354227,-1390,-9061
90356311,-1400,-9067
90358392,-1410,-9073
90359956,-1417,-9078
90362041,-1427,-9084
90364123,-1436,-9090
90365685,-1443,-9094
90367769,-1453,-9100
90369852,-1463,-9105
90371415,-1470,-9109
90373499,-1479,-9115
90375581,-1489,-9121
90377144,-1496,-9125
90379228,-1506,-9130
90381310,-1516,-9135
90382873,-1523,-9139
90384958,-1532,-9145
90387040,-1542,-9150
90388602,-1549,-9154
90390685,-1559,-9159
90392768,-1568,-9164
90394331,-1576,-9167
90396415,-1585,-9172
90398498,-1595,-9177
90400060,-1602,-9181
90402144,-1612,-9186
90404226,-1622,-9190
90405791,-1629,-9194
90407874,-1638,-9199
90409955,-1648,-9203
90411521,-1656,-9206
90413603,-1665,-9211
90415685,-1675,-9215
90417250,-1682,-9219
90419332,-1692,-9223
90421414,-1701,-9227
90422977,-1708,-9230
90425060,-1718,-9234
90427144,-1727,-9238
90428707,-1734,-9241
90430790,-1744,-9245
90432872,-1754,-9249
90434437,-1761,-9252
90436520,-1770,-9255
90438602,-1780,-9259
90440165,-1787,-9262
90442232,-1797,-9265
90444330,-1806,-9269
90445895,-1813,-9271
90447977,-1823,-9274
90450059,-1832,-9277
90451624,-1840,-9280
90453706,-1849,-9283
90455788,-1858,-9286
90457352,-1866,-9288
90459434,-1875,-9291
90461519,-1885,-9294
90463081,-1892,-9295
90465165,-1902,-9298
90467248,-1911,-9301
90468810,-1918,-9302
90470893,-1928,-9305
90472977,-1938,-9307
90474539,-1945,-9309
90476623,-1955,-9311
90478706,-1964,-9313
90480269,-1972,-9314
90482351,-1981,-9316
90484436,-1991,-9318
90485998,-1998,-9319
90488081,-2008,-9321
90490166,-2018,-9323
90491728,-2025,-9324
90493810,-2034,-9325
90495894,-2044,-9327
90497456,-2051,-9328
90499539,-2061,-9329
90501624,-2070,-9330
90503185,-2077,-9331
90505269,-2087,-9332
90507352,-2097,-9333
90508914,-2104,-9333
90510998,-2114,-9334
90513081,-2123,-9334
90514643,-2130,-9335
90516726,-2140,-9335
90518811,-2150,-9335
90520373,-2157,-9336
90522456,-2166,-9336
90524539,-2176,-9336
90526101,-2183,-9336
90528186,-2193,-9336
90530268,-2202,-9336
90531830,-2210,-9336
90533915,-2219,-9336
90535996,-2229,-9336
90537560,-2236,-9336
90539644,-2246,-9336
90541727,-2256,-9336
90543289,-2262,-9336
90545373,-2272,-9336
90547455,-2282,-9336
90549019,-2289,-9336
90551102,-2298,-9336
90553185,-2308,-9336
90554747,-2315,-9336
90556833,-2325,-9336
90558913,-2334,-9336
90560477,-2341,-9336
90562560,-2350,-9336
90564643,-2360,-9336
90566206,-2367,-9336
90568291,-2376,-9336
90570373,-2386,-9336
90571935,-2393,-9336
90574020,-2402,-9336
90576101,-2411,-9335
90577664,-2418,-9335
90579749,-2428,-9335
90581830,-2437,-9335
90583393,-2444,-9335
90585477,-2453,-9335
90587560,-2463,-9335
90589125,-2470,-9335
90591205,-2479,-9335
90593288,-2488,-9335
90594852,-2495,-9335
90596935,-2505,-9335
90599019,-2514,-9334
90600582,-2521,-9334
90602665,-2530,-9334
90604746,-2540,-9334
90606311,-2547,-9333
90608393,-2556,-9333
90610476,-2566,-9333
90612041,-2573,-9333
90614123,-2583,-9332
90616205,-2592,-9332
90617771,-2599,-9331
90619852,-2609,-9331
90621935,-2618,-9331
90623499,-2626,-9330
90625582,-2635,-9330
90627665,-2645,-9330
90629230,-2652,-9329
90631311,-2661,-9329
90633394,-2671,-9328
90634958,-2678,-9328
90637041,-2687,-9327
90639123,-2697,-9326
90640688,-2704,-9326
90642770,-2713,-9325
90644853,-2723,-9324
90646416,-2730,-9324
90648499,-2739,-9323
90650583,-2749,-9322
90652145,-2756,-9321
90654228,-2766,-9320
90656312,-2775,-9319
90657873,-2782,-9319
90659957,-2792,-9318
90662041,-2801,-9316
90663604,-2808,-9315
90665685,-2818,-9314
90667770,-2827,-9313
90669333,-2834,-9312
90671415,-2844,-9310
90673499,-2853,-9309
90675062,-2860,-9308
90677145,-2870,-9306
90679229,-2879,-9304
90680791,-2886,-9303
90682874,-2896,-9301
90684959,-2905,-9299
90686520,-2912,-9298
90688603,-2922,-9296
90690687,-2931,-9294
90692248,-2938,-9293
90694331,-2947,-9290
90696416,-2957,-9288
90697979,-2964,-9287
90700061,-2973,-9284
90702145,-2982,-9282
90703708,-2989,-9280
90705792,-2998,-9277
90707875,-3008,-9275
90709436,-3014,-9273
90711522,-3024,-9270
90713604,-3033,-9267
90715166,-3040,-9265
90717251,-3049,-9262
90719332,-3058,-9259
90720895,-3065,-9257
90722979,-3074,-9254
90725061,-3083,-9251
90726624,-3090,-9248
90728708,-3099,-9245
90730791,-3108,-9242
90732352,-3115,-9239
90734437,-3124,-9236
90736520,-3133,-9233
90738082,-3140,-9230
90740166,-3149,-9227
90742249,-3158,-9223
90743811,-3165,-9221
90745896,-3174,-9217
90747977,-3183,-9214
90749540,-3190,-9211
90751624,-3199,-9207
90753707,-3208,-9203
90755270,-3215,-9201
90757355,-3225,-9197
90759435,-3234,-9193
90760999,-3240,-9190
90763082,-3250,-9186
90765166,-3259,-9182
90766728,-3266,-9179
90768811,-3275,-9175
90770894,-3284,-9171
90772458,-3291,-9168
90774540,-3300,-9164
90776622,-3309,-9160
90778189,-3316,-9157
90780270,-3324,-9153
90782354,-3334,-9148
90783917,-3340,-9145
90785999,-3350,-9141
90788082,-3359,-9137
90789646,-3366,-9134
90791728,-3374,-9130
90793811,-3384,-9126
90795374,-3390,-9122
90797457,-3399,-9118
90799541,-3408,-9113
90801104,-3415,-9110
90803187,-3424,-9105
90805270,-3433,-9101
90806833,-3440,-9097
90808915,-3449,-9093
90810999,-3458,-9088
90812561,-3464,-9084
90814645,-3473,-9079
90816728,-3482,-9075
90818292,-3489,-9071
90820374,-3498,-9066
90822457,-3507,-9061
90824021,-3514,-9057
90826102,-3522,-9052
90828185,-3531,-9047
90829749,-3538,-9043
90831832,-3547,-9038
90833916,-3555,-9033
90835477,-3562,-9029
90837561,-3570,-9024
90839644,-3579,-9019
90841209,-3586,-9014
90843290,-3594,-9009
90845374,-3603,-9004
90846936,-3609,-9000
90849019,-3618,-8995
90851103,-3626,-8989
90852666,-3632,-8985
90854749,-3641,-8980
90856833,-3649,-8975
90858394,-3655,-8971
90860477,-3664,-8965
90862561,-3672,-8960
90864124,-3678,-8956
90866207,-3686,-8950
90868290,-3694,-8945
90869853,-3701,-8941
90871937,-3709,-8935
90874021,-3717,-8929
90875582,-3723,-8925
90877665,-3732,-8920
90879750,-3740,-8914
90881313,-3746,-8909
90883395,-3754,-8903
90885479,-3762,-8898
90887041,-3768,-8893
90889124,-3777,-8887
90891208,-3785,-8881
90892770,-3791,-8876
90894855,-3800,-8870
90896936,-3808,-8864
90898501,-3814,-8859
90900582,-3822,-8853
90902664,-3830,-8847
90904229,-3837,-8842
90906311,-3845,-8836
90908395,-3853,-8830
90909958,-3860,-8825
90912041,-3868,-8818
90914124,-3876,-8812
90915686,-3882,-8807
90917770,-3890,-8800
90919858,-3899,-8794
90921421,-3905,-8789
90923506,-3913,-8782
90925587,-3921,-8775
90927149,-3927,-8771
90929233,-3935,-8764
90931315,-3943,-8757
90932879,-3949,-8752
90934963,-3957,-8746
90937045,-3965,-8739
90938607,-3971,-8734
90940692,-3979,-8727
90942776,-3987,-8720
90944338,-3993,-8715
90946421,-4002,-8709
90948504,-4010,-8702
90950066,-4016,-8697
90952151,-4024,-8690
90954233,-4032,-8683
90955797,-4038,-8678
90957878,-4046,-8671
90959961,-4054,-8664
90961526,-4060,-8659
90963608,-4068,-8652
90965691,-4076,-8645
90967254,-4082,-8640
90969336,-4090,-8633
90971419,-4098,-8626
90972983,-4104,-8621
90975067,-4112,-8614
90977149,-4119,-8607
90978713,-4125,-8602
90980796,-4133,-8595
90982878,-4141,-8588
90984442,-4147,-8583
90986525,-4154,-8576
90988607,-4162,-8569
90990172,-4168,-8563
90992254,-4176,-8556
90994336,-4183,-8549
90995900,-4188,-8544
90997982,-4196,-8537
91000066,-4204,-8530
91001629,-4209,-8525
91003713,-4216,-8518
91005795,-4224,-8511
91007359,-4229,-8505
91009441,-4236,-8498
91011525,-4244,-8491
91013088,-4249,-8486
91015170,-4256,-8479
91017254,-4263,-8471
91018816,-4269,-8466
91020900,-4276,-8459
91022984,-4283,-8451
91024545,-4288,-8446
91026628,-4295,-8439
91028712,-4302,-8431
91030275,-4308,-8426
91032358,-4314,-8419
91034441,-4322,-8411
91036005,-4327,-8406
91038088,-4334,-8398
91040172,-4341,-8391
91041732,-4346,-8386
91043816,-4353,-8378
91045899,-4360,-8371
91047462,-4365,-8365
91049545,-4372,-8358
91051629,-4379,-8351
91053192,-4384,-8345
91055275,-4392,-8338
91057358,-4398,-8330
91058920,-4404,-8325
91061004,-4410,-8317
91063087,-4417,-8310
91064650,-4422,-8304
91066733,-4430,-8297
91068817,-4436,-8289
91070380,-4442,-8284
91072462,-4449,-8276
91074546,-4455,-8268
91076109,-4461,-8263
91078192,-4468,-8255
91080274,-4474,-8247
91081838,-4480,-8241
91083922,-4486,-8234
91086005,-4494,-8226
91087566,-4498,-8220
91089650,-4505,-8212
91091733,-4512,-8204
91093296,-4517,-8198
91095379,-4524,-8190
91097462,-4531,-8183
91099025,-4536,-8177
91101108,-4542,-8169
91103190,-4549,-8161
91104754,-4554,-8155
91106838,-4561,-8147
91108921,-4568,-8139
91110484,-4572,-8133
91112567,-4579,-8125
91114649,-4586,-8117
91116213,-4591,-8111
91118296,-4597,-8103
91120379,-4604,-8095
91121941,-4609,-8089
91124026,-4616,-8081
91126107,-4622,-8073
91127670,-4627,-8067
91129754,-4634,-8059
91131836,-4640,-8051
91133401,-4645,-8044
91135484,-4652,-8036
91137565,-4658,-8028
91139130,-4663,-8022
91141211,-4670,-8014
91143295,-4676,-8006
91144859,-4681,-8000
91146941,-4688,-7992
91149025,-4694,-7983
91150588,-4699,-7977
91152670,-4706,-7969
91154753,-4712,-7961
91156317,-4716,-7955
91158400,-4723,-7947
91160482,-4729,-7939
91162048,-4734,-7932
91164128,-4740,-7924
91166212,-4746,-7916
91167775,-4751,-7910
91169857,-4757,-7902
91171942,-4763,-7893
91173506,-4768,-7887
91175587,-4774,-7879
91177670,-4780,-7871
91179234,-4784,-7864
91181317,-4790,-7856
91183398,-4796,-7848
91184962,-4800,-7842
91187045,-4806,-7834
91189128,-4811,-7825
91190693,-4816,-7819
91192774,-4821,-7811
91194857,-4827,-7803
91196421,-4831,-7797
91198505,-4837,-7788
91200588,-4842,-7780
91202150,-4846,-7774
91204234,-4852,-7766
91206317,-4857,-7757
91207878,-4861,-7751
91209962,-4866,-7743
91212046,-4871,-7735
91213608,-4875,-7729
91215690,-4880,-7720
91217774,-4885,-7712
91219336,-4889,-7706
91221419,-4894,-7698
91223505,-4899,-7689
91225065,-4902,-7683
91227148,-4907,-7675
91229232,-4912,-7667
91230796,-4916,-7660
91232877,-4920,-7652
91234960,-4925,-7644
91236525,-4929,-7637
91238607,-4933,-7629
91240690,-4938,-7621
91242254,-4942,-7614
91244337,-4946,-7606
91246420,-4951,-7597
91247982,-4954,-7591
91250065,-4959,-7583
91252149,-4963,-7574
91253712,-4967,-7567
91255794,-4971,-7559
91257878,-4976,-7550
91259440,-4979,-7544
91261524,-4984,-7535
91263606,-4988,-7527
91265170,-4992,-7520
91267253,-4996,-7511
91269336,-5000,-7503
91270898,-5003,-7496
91272983,-5008,-7487
91275064,-5012,-7479
91276627,-5015,-7472
91278712,-5019,-7463
91280795,-5024,-7454
91282357,-5026,-7448
91284441,-5031,-7439
91286525,-5035,-7430
91288086,-5038,-7423
91290169,-5042,-7414
91292252,-5046,-7405
91293815,-5049,-7399
91295899,-5053,-7390
91297981,-5057,-7381
91299544,-5060,-7374
91301627,-5064,-7365
91303711,-5068,-7356
91305273,-5071,-7350
91307357,-5075,-7341
91309440,-5078,-7332
91311004,-5081,-7325
91313087,-5085,-7316
91315169,-5089,-7307
91316732,-5092,-7301
91318815,-5095,-7292
91320898,-5099,-7283
91322462,-5102,-7276
91324544,-5105,-7267
91326627,-5109,-7258
91328191,-5111,-7251
91330274,-5115,-7242
91332357,-5118,-7233
91333920,-5121,-7226
91336004,-5124,-7217
91338085,-5127,-7209
91339649,-5130,-7202
91341731,-5133,-7193
91343815,-5136,-7185
91345378,-5138,-7178
91347460,-5142,-7169
91349544,-5145,-7160
91351107,-5147,-7154
91353189,-5150,-7145
91355273,-5153,-7136
91356837,-5155,-7129
91358919,-5158,-7121
91361002,-5160,-7112
91362566,-5162,-7106
91364649,-5165,-7097
91366731,-5168,-7089
91368295,-5170,-7082
91370377,-5172,-7074
91372461,-5175,-7065
91374025,-5177,-7058
91376108,-5180,-7050
91378190,-5182,-7041
91379754,-5184,-7035
91381836,-5186,-7026
91383920,-5188,-7017
91385482,-5190,-7011
91387564,-5192,-7002
91389649,-5194,-6993
91391211,-5196,-6987
91393294,-5198,-6978
91395376,-5200,-6969
91396934,-5202,-6963
91399022,-5204,-6954
91401107,-5206,-6945
91402670,-5207,-6938
91404752,-5209,-6930
91406836,-5211,-6921
91408399,-5212,-6914
91410481,-5214,-6905
91412565,-5216,-6896
91414126,-5217,-6890
91416211,-5218,-6881
91418294,-5220,-6872
91419857,-5221,-6865
91421938,-5222,-6856
91424024,-5224,-6847
91425585,-5224,-6841
91427669,-5226,-6832
91429752,-5227,-6823
91431314,-5228,-6816
91433397,-5229,-6807
91435481,-5230,-6798
91437044,-5231,-6791
91439127,-5232,-6782
91441211,-5232,-6773
91442773,-5233,-6766
91444856,-5234,-6757
91446940,-5234,-6748
91448504,-5235,-6741
91450587,-5236,-6732
91452668,-5236,-6723
91454233,-5236,-6716
91456316,-5237,-6707
91458398,-5237,-6698
91459960,-5237,-6692
91462045,-5237,-6683
91464127,-5237,-6674
91465689,-5237,-6667
91467774,-5237,-6658
91469856,-5237,-6649
91471420,-5237,-6642
91473505,-5237,-6633
91475587,-5237,-6624
91477147,-5237,-6618
91479232,-5237,-6609
91481314,-5237,-6600
91482877,-5237,-6593
91484961,-5237,-6584
91487043,-5237,-6575
91488607,-5237,-6568
91490690,-5237,-6559
91492773,-5237,-6550
91494336,-5237,-6543
91496420,-5237,-6534
91498503,-5237,-6525
91500065,-5237,-6518
91502149,-5237,-6509
91504231,-5237,-6500
91505796,-5237,-6493
91507877,-5237,-6484
91509961,-5237,-6475
91511524,-5237,-6468
91513606,-5237,-6459
91515689,-5237,-6450
91517253,-5237,-6443
91519335,-5237,-6434
91521419,-5237,-6424
91522982,-5237,-6418
91525065,-5237,-6408
91527147,-5237,-6399
91528711,-5237,-6392
91530794,-5237,-6383
91532877,-5237,-6374
91534440,-5237,-6367
91536523,-5237,-6358
91538605,-5236,-6349
91540170,-5236,-6342
91542252,-5236,-6333
91544335,-5236,-6324
91545899,-5236,-6317
91547981,-5236,-6308
91550064,-5235,-6299
91551627,-5235,-6292
91553710,-5235,-6283
91555793,-5235,-6274
91557358,-5235,-6267
91559440,-5234,-6258
91561523,-5234,-6249
91563087,-5234,-6242
91565169,-5233,-6233
91567253,-5233,-6224
91568814,-5233,-6217
91570898,-5232,-6208
91572982,-5232,-6199
91574543,-5232,-6193
91576627,-5231,-6184
91578712,-5230,-6175
91580274,-5230,-6168
91582358,-5229,-6159
91584441,-5229,-6150
91586004,-5228,-6143
91588086,-5227,-6134
91590170,-5226,-6125
91591733,-5226,-6118
91593816,-5225,-6109
91595899,-5224,-6101
91597461,-5224,-6094
91599546,-5222,-6085
91601628,-5222,-6076
91603191,-5221,-6070
91605274,-5220,-6061
91607357,-5218,-6052
91608922,-5218,-6045
91611004,-5216,-6037
91613088,-5215,-6028
91614649,-5214,-6021
91616732,-5213,-6012
91618816,-5211,-6003
91620378,-5210,-5997
91622463,-5208,-5988
91624546,-5207,-5979
91626110,-5206,-5972
91628192,-5204,-5963
91630274,-5202,-5954
91631836,-5201,-5948
91633921,-5199,-5939
91636004,-5198,-5930
91637566,-5196,-5923
91639650,-5194,-5914
91641732,-5192,-5905
91643295,-5191,-5899
91645379,-5189,-5890
91647461,-5186,-5881
91649024,-5185,-5874
91651109,-5182,-5865
91653190,-5180,-5856
91654753,-5178,-5849
91656838,-5176,-5840
91658921,-5174,-5831
91660482,-5172,-5825
91662566,-5169,-5816
91664648,-5167,-5807
91666211,-5165,-5800
91668295,-5162,-5791
91670378,-5160,-5782
91671940,-5157,-5775
91674026,-5154,-5766
91676107,-5152,-5757
91677669,-5150,-5750
91679754,-5147,-5741
91681836,-5144,-5732
91683399,-5142,-5725
91685483,-5139,-5716
91687567,-5136,-5707
91689129,-5133,-5701
91691212,-5130,-5691
91693295,-5127,-5682
91694858,-5125,-5676
91696941,-5122,-5667
91699025,-5118,-5658
91700586,-5116,-5651
91702670,-5113,-5642
91704752,-5110,-5633
91706317,-5108,-5626
91708399,-5104,-5617
91710483,-5101,-5608
91712045,-5098,-5601
91714129,-5095,-5592
91716211,-5091,-5583
91717775,-5088,-5576
91719858,-5085,-5567
91721941,-5081,-5558
91723506,-5078,-5551
91725587,-5074,-5543
91727669,-5070,-5534
91729233,-5067,-5527
91731316,-5063,-5518
91733398,-5059,-5509
91734962,-5056,-5502
91737046,-5052,-5493
91739129,-5048,-5484
91740693,-5044,-5478
91742774,-5040,-5469
91744857,-5036,-5460
91746421,-5032,-5453
91748504,-5028,-5444
91750586,-5023,-5436
91752149,-5020,-5429
91754232,-5015,-5420
91756316,-5010,-5411
91757879,-5006,-5405
91759961,-5002,-5396
91762046,-4996,-5387
91763607,-4993,-5380
91765692,-4988,-5371
91767775,-4982,-5363
91769336,-4979,-5356
91771419,-4974,-5347
91773505,-4968,-5338
91775065,-4964,-5332
91777149,-4959,-5323
91779233,-4953,-5314
91780796,-4949,-5308
91782878,-4944,-5299
91784961,-4938,-5290
91786525,-4934,-5284
91788607,-4928,-5275
91790692,-4922,-5266
91792253,-4918,-5260
91794336,-4912,-5251
91796420,-4906,-5242
91797983,-4902,-5236
91800066,-4896,-5227
91802149,-4890,-5218
91803711,-4885,-5212
91805794,-4879,-5203
91807879,-4873,-5194
91809441,-4868,-5188
91811525,-4862,-5179
91813608,-4855,-5170
91815170,-4850,-5164
91817253,-4844,-5155
91819336,-4837,-5146
91820900,-4832,-5140
91822983,-4826,-5131
91825066,-4819,-5122
91826628,-4814,-5116
91828712,-4807,-5107
91830795,-4800,-5099
91832358,-4795,-5092
91834442,-4788,-5083
91836525,-4781,-5075
91838087,-4776,-5068
91840171,-4769,-5060
91842253,-4762,-5051
91843817,-4756,-5045
91845901,-4749,-5036
91847982,-4742,-5028
91849545,-4737,-5021
91851630,-4729,-5013
91853711,-4722,-5004
91855275,-4716,-4998
91857358,-4709,-4989
91859440,-4702,-4981
91861004,-4696,-4974
91863088,-4688,-4966
91865170,-4681,-4957
91866733,-4675,-4951
91868817,-4667,-4942
91870900,-4659,-4934
91872462,-4654,-4927
91874545,-4646,-4919
91876630,-4638,-4910
91878192,-4632,-4904
91880274,-4624,-4896
91882357,-4616,-4887
91883921,-4610,-4881
91886003,-4602,-4873
91888086,-4594,-4864
91889651,-4588,-4858
91891734,-4579,-4850
91893816,-4571,-4841
91895380,-4565,-4835
91897461,-4557,-4827
91899545,-4548,-4818
91901110,-4542,-4812
91903191,-4534,-4804
91905273,-4526,-4795
91906838,-4519,-4789
91908921,-4511,-4781
91911005,-4502,-4773
91912568,-4496,-4766
91914650,-4488,-4758
91916733,-4480,-4750
91918297,-4473,-4744
91920378,-4465,-4736
91922461,-4457,-4727
91924027,-4450,-4721
91926107,-4442,-4713
91928191,-4433,-4705
91929755,-4427,-4699
91931837,-4418,-4691
91933921,-4410,-4682
91935484,-4403,-4676
91937566,-4395,-4668
91939650,-4386,-4660
91941212,-4380,-4654
91943296,-4371,-4645
91945379,-4362,-4637
91946941,-4356,-4631
91949025,-4346,-4623
91951108,-4338,-4615
91952670,-4331,-4609
91954753,-4322,-4601
91956838,-4313,-4593
91958400,-4307,-4587
91960484,-4298,-4578
91962567,-4289,-4570
91964128,-4282,-4564
91966211,-4273,-4556
91968296,-4264,-4548
91969859,-4257,-4542
91971942,-4248,-4534
91974026,-4239,-4526
91975587,-4233,-4520
91977670,-4224,-4512
91979754,-4214,-4504
91981317,-4208,-4498
91983401,-4198,-4490
91985483,-4189,-4482
91987046,-4182,-4476
91989129,-4173,-4468
91991213,-4164,-4460
91992774,-4157,-4454
91994860,-4148,-4446
91996941,-4139,-4438
91998504,-4132,-4432
92000587,-4122,-4425
92002670,-4113,-4417
92004232,-4106,-4411
92006317,-4097,-4403
92008400,-4087,-4395
92009962,-4080,-4389
92012046,-4071,-4381
92014128,-4062,-4374
92015692,-4054,-4368
92017775,-4045,-4360
92019857,-4036,-4352
92021421,-4029,-4346
92023506,-4019,-4339
92025587,-4010,-4331
92027150,-4002,-4325
92029234,-3993,-4317
92031316,-3984,-4310
92032879,-3976,-4304
92034963,-3967,-4296
92037047,-3957,-4288
92038608,-3950,-4283
92040693,-3940,-4275
92042776,-3930,-4267
92044338,-3923,-4262
92046420,-3914,-4254
92048503,-3904,-4247
92050066,-3897,-4241
92052151,-3887,-4233
92054231,-3878,-4226
92055796,-3870,-4220
92057878,-3861,-4213
92059961,-3852,-4205
92061526,-3844,-4200
92063609,-3834,-4192
92065690,-3825,-4185
92067254,-3818,-4179
92069336,-3808,-4172
92071421,-3798,-4164
92072985,-3791,-4159
92075066,-3782,-4151
92077149,-3772,-4144
92078713,-3765,-4139
92080795,-3755,-4131
92082879,-3745,-4124
92084444,-3738,-4118
92086524,-3728,-4111
92088608,-3718,-4104
92090171,-3711,-4099
92092254,-3702,-4091
92094336,-3692,-4084
92095900,-3684,-4079
92097983,-3674,-4072
92100065,-3665,-4065
92101630,-3657,-4059
92103711,-3648,-4052
92105795,-3638,-4045
92107358,-3630,-4040
92109441,-3620,-4033
92111526,-3610,-4026
92113088,-3603,-4020
92115172,-3593,-4013
92117254,-3584,-4006
92118816,-3576,-4001
92120900,-3566,-3994
92122984,-3556,-3987
92124546,-3549,-3982
92126629,-3539,-3975
92128714,-3529,-3968
92130275,-3522,-3963
92132357,-3512,-3957
92134442,-3502,-3950
92136004,-3494,-3945
92138087,-3484,-3938
92140170,-3474,-3931
92141733,-3466,-3926
92143816,-3456,-3919
92145899,-3446,-3913
92147462,-3438,-3908
92149547,-3428,-3901
92151629,-3418,-3895
92153192,-3411,-3889
92155273,-3401,-3883
92157358,-3391,-3877
92158921,-3383,-3872
92161004,-3373,-3865
92163088,-3363,-3859
92164650,-3355,-3854
92166733,-3345,-3847
92168816,-3335,-3841
92170380,-3327,-3836
92172461,-3317,-3830
92174545,-3307,-3824
92176107,-3300,-3819
92178191,-3289,-3813
92180274,-3279,-3807
92181835,-3272,-3802
92183920,-3262,-3796
92186002,-3252,-3790
92187566,-3244,-3786
92189650,-3234,-3780
92191731,-3225,-3774
92193295,-3217,-3769
92195378,-3207,-3764
92197461,-3197,-3758
92199024,-3190,-3754
92201107,-3180,-3748
92203190,-3170,-3742
92204753,-3162,-3738
92206837,-3152,-3732
92208920,-3142,-3727
92210481,-3134,-3722
92212565,-3124,-3717
92214647,-3114,-3711
92216211,-3107,-3707
92218296,-3096,-3702
92220379,-3086,-3696
92221941,-3079,-3692
92224025,-3069,-3687
92226106,-3059,-3682
92227670,-3051,-3678
92229755,-3041,-3672
92231836,-3031,-3667
92233398,-3024,-3663
92235483,-3014,-3658
92237566,-3004,-3653
92239128,-2996,-3649
92241210,-2986,-3644
92243293,-2976,-3639
92244858,-2968,-3635
92246940,-2958,-3630
92249023,-2948,-3625
92250586,-2940,-3622
92252669,-2930,-3617
92254751,-2920,-3612
92256318,-2912,-3608
92258398,-2902,-3604
92260481,-2892,-3599
92262044,-2884,-3596
92264127,-2874,-3591
92266210,-2864,-3587
92267775,-2856,-3583
92269857,-2846,-3579
92271940,-2835,-3574
92273504,-2828,-3571
92275586,-2817,-3567
92277669,-2807,-3563
92279233,-2799,-3559
92281315,-2789,-3555
92283398,-2779,-3551
92284963,-2771,-3548
92287044,-2761,-3544
92289129,-2750,-3540
92290691,-2743,-3538
92292774,-2732,-3534
92294856,-2722,-3530
92296421,-2714,-3527
92298502,-2704,-3524
92300585,-2694,-3520
92302150,-2686,-3517
92304231,-2676,-3514
92306316,-2666,-3511
92307878,-2658,-3508
92309961,-2648,-3505
92312047,-2638,-3502
92313608,-2631,-3499
92315690,-2621,-3496
92317774,-2611,-3493
92319336,-2604,-3491
92321420,-2594,-3488
92323504,-2584,-3486
92325065,-2576,-3484
92327148,-2566,-3481
92329232,-2556,-3479
92330794,-2548,-3477
92332877,-2538,-3475
92334960,-2528,-3472
92336525,-2520,-3471
92338606,-2510,-3469
92340690,-2500,-3467
92342254,-2492,-3465
92344336,-2482,-3463
92346419,-2472,-3462
92347983,-2464,-3460
92350065,-2454,-3459
92352145,-2444,-3457
92353711,-2436,-3456
92355794,-2426,-3455
92357878,-2415,-3454
92359440,-2408,-3453
92361525,-2397,-3452
92363606,-2387,-3451
92365169,-2379,-3450
92367252,-2369,-3450
92369335,-2358,-3449
92370898,-2351,-3448
92372983,-2340,-3448
92375064,-2330,-3447
92376628,-2322,-3447
92378711,-2312,-3447
92380795,-2301,-3447
92382356,-2294,-3447
92384440,-2283,-3447
92386522,-2273,-3447
92388085,-2265,-3447
92390170,-2254,-3447
92392252,-2244,-3447
92393816,-2236,-3447
92395898,-2226,-3447
92397981,-2215,-3447
92399543,-2208,-3447
92401627,-2197,-3447
92403711,-2186,-3447
92405274,-2178,-3447
92407357,-2168,-3447
92409439,-2158,-3447
92411002,-2150,-3447
92413086,-2139,-3447
92415169,-2129,-3447
92416731,-2121,-3447
92418816,-2110,-3447
92420897,-2100,-3447
92422462,-2092,-3447
92424543,-2082,-3447
92426627,-2071,-3447
92428191,-2063,-3447
92430274,-2052,-3447
92432356,-2042,-3447
92433920,-2034,-3447
92436002,-2024,-3447
92438085,-2014,-3447
92439649,-2006,-3447
92441732,-1996,-3447
92443815,-1985,-3447
92445378,-1978,-3447
92447462,-1967,-3447
92449544,-1957,-3447
92451107,-1949,-3447
92453190,-1939,-3447
92455273,-1928,-3447
92456836,-1920,-3447
92458919,-1910,-3448
92461002,-1900,-3448
92462566,-1892,-3448
92464648,-1881,-3448
92466731,-1871,-3448
92468294,-1863,-3448
92470377,-1853,-3448
92472460,-1842,-3449
92474025,-1834,-3449
92476106,-1824,-3449
92478189,-1814,-3449
92479753,-1806,-3450
92481835,-1795,-3450
92483918,-1785,-3450
92485483,-1777,-3451
92487565,-1766,-3451
92489648,-1756,-3451
92491210,-1748,-3452
92493293,-1738,-3452
92495377,-1727,-3453
92496940,-1719,-3454
92499023,-1709,-3454
92501107,-1698,-3455
92502669,-1690,-3455
92504752,-1680,-3456
92506836,-1669,-3457
92508399,-1661,-3458
92510482,-1651,-3459
92512565,-1640,-3460
92514128,-1632,-3461
92516211,-1622,-3462
92518294,-1612,-3463
92519856,-1604,-3464
92521940,-1593,-3465
92524024,-1583,-3466
92525585,-1575,-3467
92527669,-1564,-3468
92529753,-1554,-3470
92531316,-1546,-3471
92533398,-1536,-3472
92535483,-1525,-3474
92537046,-1517,-3475
92539128,-1507,-3477
92541213,-1496,-3479
92542775,-1488,-3480
92544858,-1478,-3482
92546940,-1468,-3484
92548505,-1460,-3485
92550588,-1449,-3487
92552670,-1439,-3489
92554232,-1431,-3490
92556318,-1421,-3492
92558399,-1410,-3493
92559963,-1403,-3495
92562046,-1392,-3497
92564128,-1382,-3499
92565691,-1375,-3501
92567775,-1364,-3503
92569857,-1354,-3505
92571420,-1347,-3507
92573506,-1336,-3509
92575586,-1326,-3512
92577149,-1319,-3514
92579234,-1308,-3517
92581316,-1298,-3520
92582880,-1290,-3522
92584964,-1280,-3525
92587046,-1270,-3528
92588608,-1262,-3530
92590691,-1252,-3533
92592773,-1242,-3536
92594337,-1234,-3539
92596421,-1224,-3542
92598503,-1214,-3546
92600067,-1206,-3549
92602150,-1196,-3552
92604232,-1186,-3556
92605796,-1178,-3559
92607878,-1168,-3562
92609961,-1158,-3566
92611527,-1150,-3569
92613608,-1140,-3573
92615690,-1130,-3577
92617254,-1122,-3580
92619337,-1112,-3585
92621419,-1101,-3589
92622984,-1093,-3592
92625066,-1083,-3597
92627149,-1073,-3601
92628713,-1065,-3605
92630795,-1055,-3609
92632878,-1044,-3614
92634441,-1037,-3618
92636526,-1026,-3623
92638608,-1016,-3628
92640172,-1008,-3631
92642254,-998,-3636
92644336,-988,-3641
92645899,-980,-3645
92647983,-970,-3650
92649546,-962,-3654
92651629,-952,-3660
92653191,-945,-3664
92655273,-934,-3669
92656838,-927,-3673
92658919,-917,-3679
92660482,-910,-3683
92662566,-900,-3689
92664129,-892,-3693
92666211,-882,-3699
92667775,-875,-3703
92669858,-865,-3709
92671420,-858,-3714
92673504,-848,-3720
92675066,-841,-3724
92677148,-831,-3730
92678712,-824,-3735
92680795,-815,-3741
92682358,-808,-3746
92684442,-798,-3752
92686004,-792,-3757
92688087,-783,-3763
92689650,-776,-3768
92691733,-767,-3774
92693295,-761,-3779
92695379,-752,-3786
92696941,-745,-3791
92699025,-736,-3797
92700588,-730,-3802
92702670,-721,-3809
92704232,-715,-3814
92706315,-706,-3820
92707879,-700,-3826
92709961,-691,-3832
92711526,-684,-3837
92713607,-676,-3844
92715170,-670,-3849
92717253,-661,-3856
92718816,-655,-3861
92720899,-646,-3868
92722462,-640,-3873
92724545,-632,-3880
92726108,-625,-3885
92728191,-617,-3892
92729756,-610,-3897
92731837,-602,-3904
92733400,-596,-3909
92735482,-588,-3916
92737046,-581,-3921
92739127,-573,-3928
92740691,-567,-3933
92742774,-558,-3940
92744336,-552,-3946
92746421,-544,-3953
92747984,-538,-3958
92750066,-529,-3966
92751629,-523,-3971
92753711,-515,-3978
92755274,-509,-3984
92757358,-501,-3991
92758921,-494,-3997
92761003,-486,-4004
92762568,-480,-4010
92764648,-472,-4017
92766212,-466,-4023
92768296,-458,-4030
92769858,-452,-4036
92771941,-444,-4043
92773505,-438,-4049
92775588,-430,-4057
92777151,-423,-4062
92779233,-416,-4070
92780795,-409,-4076
92782878,-401,-4083
92784443,-395,-4089
92786525,-387,-4097
92788087,-381,-4103
92790172,-373,-4111
92791732,-367,-4116
92793815,-359,-4124
92795380,-353,-4130
92797462,-344,-4138
92799025,-338,-4144
92801108,-330,-4152
92802670,-324,-4158
92804753,-316,-4166
92806317,-310,-4172
92808398,-302,-4180
92809961,-296,-4186
92812046,-288,-4194
92813607,-282,-4200
92815691,-273,-4208
92817254,-267,-4214
92819336,-259,-4223
92820899,-253,-4229
92822983,-245,-4237
92824544,-239,-4243
92826629,-231,-4252
92828192,-225,-4258
92830274,-216,-4266
92831837,-211,-4272
92833920,-203,-4281
92835482,-197,-4287
92837565,-189,-4295
92839128,-183,-4302
92841213,-176,-4310
92842775,-170,-4317
92844857,-162,-4325
92846421,-157,-4331
92848503,-150,-4340
92850066,-144,-4346
92852150,-136,-4355
92853712,-131,-4361
92855795,-123,-4370
92857359,-118,-4376
92859440,-110,-4385
92861005,-104,-4392
92863088,-97,-4400
92864649,-91,-4407
92866212,-86,-4413
92868295,-78,-4422
92869858,-72,-4428
92871420,-66,-4435
92873504,-59,-4444
92875066,-53,-4450
92876629,-47,-4457
92878713,-39,-4466
92880275,-34,-4472
92881837,-28,-4479
92883920,-20,-4487
92885483,-14,-4494
92887046,-8,-4501
92888609,-2,-4507
92890691,6,-4516
92892253,11,-4523
92893815,17,-4529
92895379,23,-4536
92896940,29,-4543
92898504,35,-4549
92900065,41,-4556
92902150,49,-4565
92903712,55,-4572
92905274,61,-4578
92906838,67,-4585
92908400,73,-4592
92909962,79,-4599
92912046,87,-4607
92913607,93,-4614
92915170,99,-4621
92916732,105,-4628
92918298,111,-4635
92920378,119,-4644
92921941,125,-4650
92923506,131,-4657
92925587,139,-4666
92927150,146,-4673
92928714,152,-4680
92930795,160,-4689
92932359,166,-4696
92933922,172,-4702
92936005,180,-4712
92937566,186,-4718
92939130,192,-4725
92941212,201,-4734
92942775,207,-4741
92944337,213,-4748
92946421,222,-4757
92947982,228,-4764
92949546,234,-4771
92951629,242,-4780
92953190,248,-4787
92954755,255,-4794
92956837,263,-4803
92958399,269,-4810
92959963,276,-4817
92962046,284,-4826
92963608,290,-4833
92965170,296,-4840
92967254,305,-4849
92968816,311,-4856
92970379,317,-4863
92972461,326,-4872
92974026,332,-4879
92975588,338,-4886
92977670,347,-4895
92979233,353,-4902
92980795,359,-4909
92982878,368,-4918
92984442,374,-4925
92986005,380,-4932
92988088,389,-4942
92989650,395,-4949
92991213,402,-4956
92993295,410,-4965
92994857,416,-4972
92996420,422,-4979
92998505,431,-4989
93000066,437,-4996
93001630,443,-5003
93003712,451,-5012
93005275,457,-5020
93006840,463,-5027
93008919,471,-5036
93010483,477,-5043
93012046,483,-5050
93014127,492,-5060
93015691,498,-5067
93017255,504,-5074
93019336,512,-5084
93020899,518,-5091
93022462,524,-5098
93024545,532,-5108
93026107,538,-5115
93027672,544,-5123
93029754,552,-5132
93031316,558,-5140
93032879,564,-5147
93034962,572,-5157
93036525,578,-5164
93038087,584,-5171
93040171,592,-5181
93041733,598,-5188
93043296,604,-5196
93045380,612,-5206
93046941,619,-5213
93048504,624,-5220
93050587,633,-5230
93052151,639,-5238
93053713,645,-5245
93055795,652,-5255
93057358,658,-5262
93058922,664,-5270
93061004,672,-5280
93062567,678,-5287
93064129,684,-5294
93066211,692,-5304
93067776,698,-5312
93069337,704,-5319
93071420,712,-5329
93072985,718,-5337
93074546,724,-5344
93076628,732,-5354
93078194,738,-5361
93079755,744,-5369
93081838,751,-5379
93083399,757,-5386
93084964,763,-5394
93087045,771,-5404
93088607,776,-5411
93090172,782,-5419
93092253,790,-5428
93093816,796,-5436
93095379,802,-5444
93097462,809,-5454
93099024,815,-5461
93100589,821,-5469
93102668,828,-5479
93104232,834,-5486
93105796,840,-5494
93107877,847,-5504
93109441,853,-5512
93111004,858,-5519
93113086,866,-5529
93114648,871,-5537
93116211,877,-5545
93118294,884,-5555
93119857,890,-5563
93121420,896,-5570
93123504,903,-5581
93125065,908,-5588
93126628,914,-5596
93128711,921,-5606
93130273,927,-5614
93131836,932,-5622
93133920,939,-5632
93135483,945,-5640
93137045,950,-5647
93139127,957,-5658
93140691,962,-5665
93142252,968,-5673
93144336,975,-5683
93145900,980,-5691
93147461,985,-5699
93149544,992,-5709
93151109,997,-5717
93152671,1002,-5725
93154752,1009,-5735
93156316,1014,-5743
93158398,1021,-5753
93159961,1026,-5761
93162046,1033,-5771
93163607,1038,-5779
93165690,1044,-5789
93167253,1049,-5797
93169336,1056,-5807
93170898,1060,-5815
93172983,1066,-5826
93174545,1071,-5833
93176628,1077,-5844
93178192,1082,-5852
93180274,1088,-5862
93181837,1092,-5870
93183919,1098,-5880
93185481,1102,-5888
93187565,1108,-5898
93189127,1112,-5906
93191211,1118,-5917
93192774,1122,-5924
93194857,1128,-5935
93196420,1132,-5943
93198503,1138,-5953
93200065,1142,-5961
93202149,1147,-5971
93203712,1151,-5979
93205794,1156,-5990
93207358,1161,-5998
93209440,1166,-6008
93211004,1170,-6016
93213086,1175,-6026
93214649,1179,-6034
93216732,1184,-6045
93218295,1188,-6052
93220376,1192,-6063
93221941,1196,-6071
93224024,1201,-6081
93225586,1205,-6089
93227671,1210,-6100
93229233,1213,-6107
93231315,1218,-6118
93232878,1221,-6126
93234961,1226,-6136
93236525,1229,-6144
93238607,1233,-6154
93240170,1236,-6162
93242254,1241,-6173
93243817,1244,-6181
93245899,1248,-6191
93247460,1251,-6199
93249543,1255,-6209
93251108,1258,-6217
93253191,1262,-6228
93254752,1265,-6235
93256837,1269,-6246
93258399,1272,-6254
,0
1421440,0,0
1422482,0,0
1423523,0,0
1424566,0,0
1426127,0,0
1427169,0,0
1428210,0,0
1429252,0,0
1430294,0,0
1431335,0,0
1432898,0,0
1433940,0,0
1434982,0,0
1436023,0,0
1437065,0,0
1438107,0,0
1439668,0,0
1440710,0,0
1441752,0,0
1442793,0,0
1443836,0,0
1444877,0,0
1446439,0,0
1447481,0,0
1448522,-1,0
1449566,-1,0
1451127,-1,0
1452169,-1,0
1453210,-1,015943759,935,611
15943822,935,611
15943880,935,611
15943937,935,611
15944261,935,611
15945824,935,611
15947386,935,611
15948949,935,611
15950511,935,611
15952073,935,611
15953636,935,611
15955198,935,611
15956761,935,611
15958322,935,611
15959885,935,611
15961448,935,611
15963010,935,611
15964573,935,611
15966136,935,611
15967698,935,611
15969261,935,611
15970823,935,611
15972386,935,611
15973949,935,611
15975511,935,611
15977073,935,611
15978636,935,611
15980198,935,611
15981760,935,611
15983323,935,611
15984885,935,611
15986448,935,611
15988011,935,611
15989573,935,611
15991136,935,611
15992698,935,611
15994261,935,611
15995823,935,611
15997385,935,611
15998949,935,611
16000510,935,611
16002073,935,611
16003635,935,611
16005198,935,611
16006761,935,611
16008323,935,611
16009885,935,611
16011449,935,611
16013011,935,611
16014573,935,611
16016136,935,611
16017698,935,611
16019260,935,611
16020823,935,610
16022386,935,610
16023949,935,610
16025511,935,610
16027073,935,610
16028636,935,610
16030198,935,610
16031760,935,610
16033323,935,610
16034886,935,610
16036448,934,610
16038011,934,610
16039573,934,610
16041136,934,610
16042699,934,610
16044260,934,610
16045823,933,610
16047385,933,610
16048949,933,610
16050511,933,610
16052073,933,609
16053636,932,609
16055198,932,609
16056760,932,609
16058323,931,609
16059886,931,609
16061448,931,609
16063012,931,608
16064573,930,608
16066136,930,608
16067698,929,608
16069260,929,608
16070823,929,607
16072386,929,607
16073949,928,607
16075511,928,607
16077073,927,606
16078635,927,606
16080198,926,606
16081761,926,605
16083323,925,605
16084886,925,605
16086448,924,604
16088011,924,604
16089573,923,603
16091135,923,603
16092699,922,603
16094261,921,602
16095823,921,601
16097386,920,601
16098949,920,600
16100511,919,600
16102074,918,599
16103635,917,598
16105198,917,598
16106762,916,597
16108323,915,596
16109885,915,595
16111448,914,595
16113011,913,594
16114574,912,593
16116136,911,592
16117699,911,591
16119261,909,590
16120823,909,589
16122386,908,588
16123949,907,587
16125510,905,586
16127073,905,585
16128637,903,584
16130198,902,582
16131761,901,581
16133324,900,580
16134885,899,579
16136449,898,577
16138011,897,576
16139574,895,574
16141136,894,573
16142699,893,571
16144261,891,570
16145824,890,568
16147387,888,566
16148949,887,565
16150511,885,563
16152074,884,561
16153636,882,559
16155199,881,558
16156762,879,556
16158325,877,554
16159886,875,552
16161449,873,550
16163011,872,548
16164573,870,546
16166136,868,543
16167699,866,541
16169261,863,539
16170823,861,537
16172386,859,534
16173949,857,532
16175510,855,530
16177074,852,527
16178637,850,525
16180198,847,522
16181761,845,520
16183323,842,517
16184887,840,514
16186449,837,511
16188012,834,509
16189574,832,506
16191137,829,503
16192698,826,500
16194262,823,497
16195823,820,494
16197386,817,491
16198950,814,488
16200511,811,485
16202074,808,482
16203636,805,479
16205199,802,475
16206762,798,472
16208324,795,469
16209887,792,465
16211449,788,462
16213012,785,459
16214574,781,455
16216136,778,451
16217699,774,448
16219262,771,444
16220824,767,440
16222386,763,437
16223949,760,433
16225511,756,429
16227075,752,425
16228637,748,422
16230200,744,418
16231761,741,414
16233323,737,410
16234886,733,406
16236450,728,402
16238013,724,398
16239574,720,394
16241136,716,390
16242698,712,385
16244261,707,381
16245823,703,377
16247387,699,373
16248949,694,368
16250511,690,364
16252074,685,360
16253636,681,356
16255199,677,351
16256761,673,347
16258324,669,343
16259887,665,338
16261449,661,334
16263012,657,329
16264574,652,325
16266136,648,320
16267698,644,316
16269261,639,312
16270823,635,307
16272387,630,302
16273950,626,298
16275511,621,293
16277073,617,289
16278637,612,284
16280199,607,279
16281762,602,275
16283324,598,270
16284887,593,265
16286449,588,260
16288012,584,256
16289574,579,251
16291137,574,246
16292699,569,241
16294261,565,236
16295824,560,231
16297386,555,226
16298949,550,221
16300511,545,216
16302073,541,211
16303637,536,206
16305199,531,201
16306762,526,196
16308324,521,190
16309887,516,185
16311450,511,180
16313012,506,175
16314574,501,169
16316136,496,164
16317699,491,158
16319261,486,153
16320824,481,147
16322387,475,142
16323950,470,136
16325511,465,131
16327074,460,125
16328636,454,120
16330205,449,114
16331767,444,109
16333330,438,103
16334893,433,97
16335934,429,94
16337496,424,88
16339060,419,82
16340622,413,76
16342184,408,71
16343747,402,65
16344788,399,61
16346350,393,55
16347913,387,49
16349476,382,43
16351039,377,37
16352602,371,31
16353643,367,28
16355206,361,22
16356767,356,16
16358330,350,10
16359894,344,3
16360936,341,-1
16362497,335,-7
16364059,329,-13
16365622,323,-19
16367184,317,-25
16368746,312,-31
16370309,306,-37
16371872,300,-43
16373435,295,-50
16374996,289,-56
16376559,283,-62
16378122,277,-68
16379685,271,-74
16381246,266,-81
16382810,260,-87
16384371,254,-93
16385935,248,-100
16387497,243,-106
16389059,237,-112
16391142,229,-121
16392705,223,-127
16394268,217,-134
16395830,211,-140
16397392,205,-147
16398956,199,-153
16401038,191,-162
16402601,185,-168
16404164,179,-175
16405727,173,-182
16407288,167,-188
16408851,161,-195
16410935,153,-204
16412496,147,-210
16414059,140,-217
16415622,134,-224
16417184,128,-230
16418747,122,-237
16420830,113,-246
16422392,107,-253
16423956,101,-260
16425517,95,-266
16427080,89,-273
16428643,82,-280
16430205,76,-287
16431768,70,-294
16433330,63,-300
16434892,57,-307
16436455,51,-314
16438019,44,-321
16439581,38,-328
16441143,32,-335
16442704,25,-341
16444267,19,-348
16445829,13,-355
16447393,6,-362
16448955,0,-369
16450517,-7,-376
16452080,-13,-383
16453642,-20,-390
16455206,-27,-397
16456768,-33,-404
16458330,-39,-411
16460413,-48,-420
16461976,-55,-427
16463538,-61,-434
16465102,-68,-441
16466664,-75,-449
16468227,-81,-456
16470309,-90,-465
16471872,-97,-472
16473434,-103,-479
16474997,-110,-486
16477081,-119,-496
16478642,-125,-503
16480205,-132,-510
16482287,-141,-519
16483852,-147,-527
16485414,-154,-534
16487496,-163,-543
16489060,-169,-550
16490622,-176,-558
16492704,-185,-567
16494267,-192,-574
16495831,-199,-581
16497913,-207,-591
16499477,-214,-598
16501040,-221,-606
16503121,-230,-615
16504684,-237,-622
16506248,-243,-630
16508330,-252,-639
16509893,-259,-647
16511456,-266,-654
16513538,-275,-664
16515101,-282,-671
16516664,-289,-678
16518746,-297,-688
16520309,-304,-695
16521873,-311,-702
16523956,-320,-712
16525517,-327,-719
16527081,-334,-727
16529164,-343,-737
16530726,-349,-744
16532289,-356,-751
16534372,-365,-761
16535934,-372,-768
16537498,-379,-776
16539580,-388,-785
16541143,-394,-793
16542705,-401,-800
16544788,-410,-810
16546350,-417,-817
16547914,-424,-824
16549996,-433,-834
16551559,-440,-842
16553121,-447,-849
16555205,-456,-859
16556768,-463,-866
16558330,-469,-874
16560415,-479,-884
16561976,-485,-891
16563539,-492,-898
16565622,-501,-908
16567184,-508,-916
16568747,-515,-923
16570830,-525,-933
16572393,-532,-940
16573956,-538,-948
16576039,-548,-958
16577601,-555,-965
16579165,-562,-973
16581247,-571,-983
16582808,-578,-990
16584371,-585,-998
16586454,-594,-1008
16588016,-601,-1015
16590099,-610,-1025
16591662,-617,-1033
16593746,-627,-1043
16595308,-634,-1050
16597390,-643,-1060
16598955,-650,-1068
16601037,-659,-1078
16602600,-667,-1085
16604683,-676,-1095
16606246,-683,-1103
16608328,-692,-1113
16609891,-699,-1120
16611975,-709,-1130
16613536,-716,-1138
16615620,-725,-1148
16617184,-732,-1156
16619267,-742,-1166
16620829,-749,-1174
16622912,-758,-1184
16624474,-765,-1191
16626559,-775,-1202
16628120,-781,-1209
16630203,-791,-1219
16631766,-798,-1227
16633849,-807,-1237
16635413,-814,-1245
16637494,-824,-1255
16639058,-831,-1262
16641140,-840,-1272
16642703,-847,-1280
16644787,-857,-1290
16646350,-864,-1298
16648432,-873,-1308
16649997,-881,-1316
16652079,-890,-1326
16653641,-897,-1333
16655724,-907,-1343
16657287,-913,-1351
16659370,-923,-1361
16660933,-930,-1369
16663017,-940,-1379
16664579,-947,-1387
16666662,-956,-1397
16668225,-963,-1405
16670307,-972,-1415
16671870,-979,-1422
16673955,-989,-1433
16675516,-995,-1440
16677599,-1005,-1450
16679162,-1012,-1458
16681245,-1021,-1468
16683328,-1031,-1478
16684892,-1038,-1486
16686974,-1047,-1496
16689058,-1057,-1507
16690621,-1064,-1514
16692703,-1073,-1524
16694786,-1083,-1534
16696350,-1090,-1542
16698432,-1099,-1552
16700516,-1108,-1562
16702079,-1115,-1570
16704162,-1125,-1580
16706245,-1134,-1590
16707808,-1141,-1598
16709890,-1151,-1608
16711975,-1160,-1619
16713537,-1167,-1626
16715620,-1177,-1636
16717704,-1186,-1646
16719266,-1193,-1654
16721350,-1203,-1664
16723432,-1212,-1675
16724995,-1219,-1682
16727079,-1229,-1693
16729162,-1239,-1703
16730725,-1246,-1711
16732808,-1255,-1721
16734891,-1265,-1731
16736454,-1272,-1739
16738536,-1281,-1749
16740620,-1291,-1759
16742183,-1298,-1767
16744266,-1307,-1777
16746349,-1317,-1787
16747912,-1324,-1795
16749995,-1333,-1805
16752078,-1343,-1815
16753641,-1350,-1823
16755725,-1360,-1833
16757809,-1369,-1844
16759363,-1376,-1851
16761455,-1386,-1862
16763537,-1395,-1872
16765101,-1402,-1880
16767183,-1412,-1890
16769265,-1421,-1900
16770829,-1429,-1908
16772912,-1438,-1918
16774995,-1447,-1928
16776559,-1455,-1936
16778641,-1464,-1946
16780724,-1473,-1957
16782288,-1481,-1965
16784370,-1490,-1975
16786453,-1500,-1985
16788017,-1507,-1993
16790099,-1516,-2003
16792182,-1526,-2014
16793746,-1533,-2022
16795828,-1543,-2032
16797911,-1552,-2042
16799475,-1559,-2050
16801558,-1569,-2061
16803640,-1578,-2071
16805204,-1585,-2079
16807288,-1594,-2089
16809370,-1604,-2099
16810933,-1611,-2107
16813017,-1620,-2118
16815100,-1630,-2128
16816663,-1637,-2136
16818745,-1646,-2146
16820828,-1656,-2156
16822391,-1663,-2164
16824474,-1672,-2174
16826557,-1682,-2185
16828122,-1689,-2193
16830204,-1699,-2203
16832287,-1708,-2213
16833849,-1715,-2221
16835933,-1724,-2231
16838017,-1734,-2242
16839579,-1741,-2249
16841662,-1750,-2260
16843745,-1760,-2270
16845307,-1767,-2278
16847391,-1776,-2288
16849475,-1786,-2299
16851038,-1793,-2306
16853120,-1803,-2316
16855203,-1812,-2327
16856767,-1819,-2335
16858850,-1829,-2345
16860933,-1838,-2355
16862495,-1845,-2363
16864578,-1855,-2373
16866662,-1864,-2384
16868226,-1871,-2392
16870307,-1881,-2402
16872391,-1891,-2412
16873955,-1898,-2420
16876036,-1907,-2430
16878120,-1917,-2441
16879683,-1924,-2448
16881766,-1933,-2459
16883849,-1943,-2469
16885412,-1950,-2477
16887496,-1960,-2487
16889579,-1969,-2498
16891141,-1976,-2505
16893225,-1986,-2516
16895307,-1995,-2526
16896871,-2002,-2534
16898954,-2012,-2544
16901037,-2021,-2555
16902599,-2029,-2562
16904682,-2038,-2573
16906765,-2047,-2583
16908329,-2055,-2591
16910412,-2064,-2601
16912496,-2074,-2612
16914058,-2081,-2619
16916141,-2090,-2630
16918224,-2100,-2640
16919787,-2107,-2648
16921870,-2116,-2658
16923954,-2126,-2669
16925516,-2133,-2676
16927601,-2143,-2687
16929682,-2152,-2697
16931245,-2159,-2705
16933330,-2169,-2716
16935411,-2178,-2726
16936975,-2185,-2734
16939058,-2195,-2744
16941141,-2204,-2754
16942704,-2211,-2762
16944789,-2220,-2772
16946872,-2230,-2783
16948435,-2237,-2791
16950518,-2246,-2801
16952601,-2255,-2811
16954164,-2263,-2819
16956247,-2272,-2829
16958330,-2281,-2840
16959894,-2288,-2848
16961976,-2297,-2858
16964058,-2307,-2868
16965622,-2314,-2876
16967705,-2323,-2886
16969788,-2333,-2897
16971352,-2340,-2905
16973434,-2349,-2915
16975518,-2359,-2925
16977080,-2365,-2933
16979163,-2375,-2943
16981246,-2384,-2954
16982811,-2391,-2961
16984892,-2401,-2972
16986975,-2410,-2982
16988538,-2417,-2990
16990622,-2426,-3000
16992706,-2436,-3011
16994268,-2443,-3018
16996351,-2452,-3029
16998434,-2461,-3039
16999997,-2469,-3047
17002080,-2478,-3057
17004162,-2487,-3068
17005726,-2494,-3075
17007808,-2504,-3086
17009892,-2513,-3096
17011455,-2520,-3104
17013539,-2530,-3114
17015620,-2539,-3124
17017184,-2546,-3132
17019268,-2555,-3142
17021351,-2565,-3153
17022913,-2572,-3160
17024998,-2581,-3171
17027080,-2590,-3181
17028643,-2597,-3188
17030727,-2607,-3199
17032809,-2616,-3209
17034372,-2623,-3217
17036455,-2632,-3227
17038538,-2641,-3237
17040101,-2648,-3245
17042184,-2657,-3255
17044267,-2667,-3265
17045830,-2674,-3273
17047912,-2683,-3283
17049996,-2692,-3293
17051559,-2699,-3301
17053642,-2708,-3311
17055727,-2718,-3322
17057288,-2725,-3329
17059371,-2734,-3340
17061455,-2743,-3350
17063018,-2750,-3358
17065100,-2759,-3368
17067185,-2769,-3378
17068747,-2775,-3386
17070829,-2785,-3396
17072914,-2794,-3406
17074476,-2801,-3414
17076559,-2810,-3424
17078642,-2819,-3434
17080205,-2826,-3442
17082289,-2835,-3452
17084371,-2844,-3462
17085934,-2851,-3470
17088018,-2860,-3480
17090101,-2869,-3490
17091664,-2876,-3498
17093747,-2885,-3508
17095830,-2895,-3518
17097393,-2901,-3526
17099476,-2911,-3536
17101559,-2919,-3546
17103122,-2926,-3553
17105206,-2935,-3563
17107289,-2944,-3573
17108851,-2951,-3581
17110934,-2960,-3591
17113018,-2969,-3601
17114580,-2976,-3608
17116664,-2985,-3619
17118748,-2995,-3629
17120310,-3001,-3636
17122393,-3010,-3646
17124475,-3019,-3656
17126039,-3026,-3664
17128123,-3035,-3674
17130206,-3045,-3683
17131767,-3051,-3691
17133851,-3061,-3701
17135934,-3069,-3711
17137497,-3076,-3718
17139580,-3085,-3728
17141663,-3095,-3738
17143226,-3101,-3746
17145309,-3111,-3756
17147392,-3120,-3766
17148956,-3127,-3773
17151038,-3136,-3783
17153121,-3145,-3793
17154684,-3152,-3800
17156767,-3161,-3810
17158851,-3170,-3820
17160414,-3177,-3828
17162496,-3186,-3838
17164579,-3195,-3848
17166143,-3202,-3855
17168225,-3211,-3865
17170308,-3220,-3875
17171872,-3227,-3882
17173956,-3236,-3892
17176038,-3245,-3902
17177602,-3252,-3910
17179684,-3261,-3919
17181768,-3271,-3929
17183330,-3277,-3937
17185413,-3286,-3947
17187497,-3295,-3957
17189059,-3302,-3964
17191142,-3311,-3974
17193225,-3320,-3984
17194789,-3327,-3991
17196871,-3336,-4001
17198956,-3345,-4011
17200518,-3352,-4018
17202601,-3361,-4028
17204684,-3370,-4038
17206247,-3377,-4045
17208331,-3386,-4055
17210414,-3395,-4065
17211977,-3401,-4072
17214059,-3410,-4082
17216142,-3419,-4092
17217706,-3426,-4099
17219788,-3435,-4109
17221872,-3444,-4119
17223434,-3450,-4126
17225517,-3459,-4136
17227601,-3468,-4146
17229164,-3475,-4153
17231246,-3483,-4163
17233329,-3492,-4173
17234892,-3499,-4180
17236980,-3508,-4190
17239062,-3517,-4200
17240624,-3523,-4207
17242707,-3532,-4217
17244791,-3541,-4227
17246353,-3547,-4234
17248436,-3556,-4244
17250519,-3565,-4253
17252083,-3571,-4261
17254165,-3580,-4270
17256248,-3589,-4280
17257812,-3595,-4287
17259895,-3604,-4297
17261979,-3613,-4307
17263541,-3619,-4314
17265623,-3628,-4324
17267708,-3637,-4334
17269270,-3643,-4341
17271354,-3652,-4351
17273436,-3661,-4360
17274999,-3667,-4367
17277082,-3676,-4377
17279166,-3685,-4387
17280728,-3691,-4394
17282811,-3700,-4403
17284894,-3709,-4413
17286457,-3715,-4420
17288540,-3724,-4430
17290625,-3733,-4439
17292187,-3739,-4447
17294270,-3748,-4456
17296353,-3756,-4466
17297916,-3763,-4473
17299999,-3771,-4483
17302082,-3780,-4492
17303645,-3787,-4499
17305729,-3795,-4509
17307811,-3804,-4518
17309373,-3810,-4525
17311457,-3819,-4535
17313540,-3827,-4544
17315103,-3834,-4551
17317186,-3842,-4561
17319270,-3851,-4570
17320832,-3857,-4577
17322917,-3866,-4587
17324999,-3874,-4596
17326561,-3880,-4603
17328646,-3889,-4613
17330727,-3897,-4622
17332291,-3904,-4629
17334374,-3912,-4638
17336456,-3920,-4648
17338020,-3927,-4655
17340103,-3935,-4664
17342186,-3943,-4673
17343750,-3950,-4680
17345833,-3958,-4690
17347915,-3967,-4699
17349477,-3973,-4706
17351561,-3981,-4715
17353644,-3989,-4724
17355208,-3995,-4731
17357292,-4004,-4741
17359373,-4012,-4750
17360938,-4018,-4757
17363020,-4026,-4766
17365103,-4034,-4775
17366666,-4040,-4782
17368749,-4048,-4791
17370833,-4056,-4801
17372395,-4062,-4807
17374479,-4070,-4817
17376561,-4078,-4826
17378125,-4084,-4833
17380208,-4092,-4842
17382290,-4100,-4851
17383854,-4106,-4858
17385937,-4114,-4867
17388020,-4122,-4876
17389582,-4128,-4882
17391666,-4136,-4891
17393749,-4144,-4900
17395311,-4149,-4907
17397395,-4157,-4916
17399478,-4165,-4925
17401041,-4171,-4932
17403123,-4179,-4941
17405207,-4186,-4950
17406770,-4192,-4956
17408853,-4200,-4965
17410935,-4207,-4974
17412498,-4213,-4981
17414582,-4221,-4990
17416666,-4229,-4999
17418229,-4235,-5005
17420312,-4243,-5014
17422394,-4250,-5023
17423958,-4256,-5029
17426040,-4264,-5038
17428124,-4271,-5047
17429686,-4277,-5054
17431770,-4285,-5063
17433852,-4293,-5071
17435415,-4299,-5078
17437499,-4306,-5087
17439582,-4314,-5096
17441145,-4320,-5102
17443228,-4328,-5111
17445311,-4336,-5120
17446874,-4341,-5126
17448958,-4349,-5135
17451040,-4357,-5143
17452603,-4363,-5150
17454687,-4370,-5159
17456769,-4378,-5167
17458332,-4383,-5173
17460415,-4391,-5182
17462499,-4399,-5190
17464061,-4404,-5197
17466146,-4411,-5205
17468228,-4419,-5214
17469791,-4424,-5220
17471874,-4432,-5228
17473957,-4439,-5237
17475520,-4445,-5243
17477603,-4452,-5251
17479686,-4459,-5259
17481250,-4465,-5266
17483333,-4472,-5274
17485416,-4479,-5282
17486978,-4484,-5288
17489063,-4491,-5297
17491145,-4499,-5305
17492708,-4504,-5311
17494791,-4511,-5319
17496874,-4518,-5327
17498436,-4523,-5333
17500520,-4530,-5341
17502602,-4537,-5349
17504166,-4542,-5355
17506248,-4549,-5363
17508332,-4556,-5371
17509895,-4561,-5377
17511978,-4568,-5385
17514062,-4575,-5393
17515626,-4581,-5398
17517707,-4587,-5406
17519790,-4594,-5414
17521354,-4599,-5420
17523436,-4606,-5427
17525520,-4613,-5435
17527083,-4618,-5441
17529165,-4625,-5448
17531250,-4632,-5456
17532811,-4637,-5461
17534897,-4643,-5469
17536977,-4650,-5476
17538540,-4655,-5481
17540624,-4661,-5489
17542708,-4668,-5496
17544270,-4672,-5501
17546354,-4679,-5509
17548436,-4685,-5516
17550002,-4689,-5521
17552082,-4696,-5528
17554165,-4702,-5535
17555728,-4707,-5540
17557810,-4713,-5547
17559894,-4719,-5554
17561458,-4723,-5559
17563540,-4729,-5566
17565624,-4735,-5573
17567187,-4740,-5578
17569270,-4746,-5585
17571352,-4752,-5591
17572916,-4757,-5596
17574999,-4763,-5603
17577082,-4769,-5609
17578646,-4773,-5614
17580729,-4779,-5621
17582811,-4785,-5627
17584374,-4789,-5632
17586457,-4795,-5638
17588541,-4801,-5644
17590103,-4805,-5649
17592186,-4810,-5655
17594269,-4816,-5661
17595832,-4820,-5666
17597916,-4826,-5672
17599999,-4831,-5678
17601561,-4835,-5682
17603644,-4841,-5688
17605728,-4846,-5694
17607291,-4851,-5698
17609373,-4856,-5704
17611456,-4861,-5709
17613019,-4865,-5714
17615104,-4871,-5719
17617186,-4876,-5725
17618750,-4880,-5729
17620831,-4885,-5734
17622915,-4890,-5740
17624479,-4894,-5744
17626561,-4899,-5749
17628644,-4904,-5754
17630208,-4908,-5758
17632290,-4913,-5763
17634374,-4918,-5768
17635937,-4921,-5771
17638020,-4926,-5776
17640102,-4931,-5781
17641667,-4935,-5784
17643749,-4939,-5789
17645832,-4944,-5794
17647395,-4947,-5797
17649478,-4952,-5801
17651561,-4956,-5806
17653124,-4960,-5809
17655208,-4964,-5813
17657291,-4968,-5817
17658854,-4972,-5821
17660937,-4976,-5825
17663020,-4980,-5829
17664583,-4983,-5831
17666666,-4987,-5835
17668749,-4991,-5839
17670311,-4994,-5842
17672395,-4998,-5846
17674477,-5002,-5849
17676041,-5005,-5852
17678124,-5009,-5855
17680207,-5012,-5858
17681769,-5015,-5861
17683853,-5018,-5864
17685936,-5021,-5867
17687498,-5023,-5869
17689582,-5026,-5872
17691665,-5029,-5875
17693228,-5031,-5877
17695311,-5033,-5879
17697394,-5035,-5882
17698958,-5037,-5884
17701040,-5039,-5886
17703123,-5041,-5888
17704688,-5042,-5890
17706769,-5044,-5892
17708852,-5045,-5894
17710417,-5046,-5896
17712499,-5047,-5898
17714578,-5048,-5900
17716144,-5049,-5901
17718229,-5049,-5903
17720310,-5050,-5904
17721874,-5050,-5905
17723957,-5051,-5906
17726039,-5051,-5908
17727602,-5051,-5909
17729686,-5051,-5910
17731769,-5051,-5911
17733331,-5051,-5912
17735414,-5051,-5913
17737497,-5051,-5913
17739061,-5051,-5914
17741143,-5051,-5915
17743227,-5051,-5915
17744789,-5051,-5915
17746873,-5051,-5916
17748956,-5051,-5916
17750519,-5051,-5916
17752601,-5051,-5916
17754685,-5051,-5916
17756249,-5051,-5916
17758331,-5051,-5916
17760414,-5051,-5916
17761977,-5051,-5916
17764060,-5051,-5916
17766143,-5051,-5916
17767707,-5051,-5916
17769789,-5051,-5916
17771872,-5051,-5916
17773435,-5051,-5916
17775519,-5051,-5916
17777601,-5051,-5916
17779165,-5051,-5916
17781248,-5051,-5916
17783331,-5051,-5916
17784894,-5051,-5916
17786978,-5051,-5916
17789060,-5051,-5916
17790623,-5051,-5916
17792707,-5051,-5916
17794789,-5051,-5916
17796351,-5051,-5916
17798436,-5051,-5916
17800518,-5051,-5916
17802082,-5051,-5916
17804164,-5051,-5916
17806248,-5051,-5916
17807811,-5051,-5916
17809894,-5051,-5916
17811977,-5051,-5916
17813540,-5051,-5916
17815623,-5051,-5916
17817706,-5051,-5916
17819269,-5051,-5916
17821352,-5051,-5916
17823435,-5051,-5916
17824997,-5051,-5916
17827081,-5051,-5916
17829164,-5051,-5916
17830728,-5051,-5916
17832811,-5051,-5916
17834893,-5051,-5916
17836456,-5051,-5916
17838540,-5050,-5916
17840623,-5050,-5916
17842185,-5050,-5915
17844269,-5050,-5915
17846352,-5049,-5915
17847915,-5049,-5915
17849998,-5049,-5915
17852081,-5049,-5915
17853644,-5048,-5915
17855727,-5048,-5915
17857810,-5047,-5914
17859373,-5047,-5914
17861456,-5046,-5914
17863539,-5046,-5914
17865102,-5045,-5913
17867186,-5044,-5913
17869268,-5044,-5913
17870832,-5043,-5913
17872915,-5042,-5912
17874999,-5041,-5912
17876560,-5041,-5911
17878644,-5040,-5911
17880727,-5039,-5910
17882290,-5038,-5910
17884374,-5037,-5909
17886456,-5036,-5909
17888021,-5035,-5908
17890102,-5033,-5908
17892185,-5032,-5907
17893748,-5031,-5906
17895831,-5030,-5906
17897915,-5028,-5905
17899478,-5027,-5904
17901561,-5025,-5903
17903644,-5024,-5902
17905207,-5023,-5902
17907290,-5021,-5901
17909373,-5019,-5900
17910936,-5017,-5899
17913019,-5015,-5897
17915102,-5013,-5896
17916666,-5011,-5895
17918748,-5009,-5894
17920833,-5007,-5892
17922394,-5005,-5891
17924478,-5003,-5890
17926561,-5001,-5888
17928123,-4999,-5887
17930207,-4996,-5885
17932289,-4993,-5884
17933852,-4992,-5882
17935936,-4989,-5880
17938020,-4986,-5878
17939582,-4984,-5877
17941666,-4981,-5875
17943748,-4978,-5873
17945311,-4976,-5871
17947394,-4973,-5869
17949478,-4969,-5866
17951041,-4967,-5864
17953123,-4963,-5862
17955207,-4960,-5859
17956770,-4957,-5857
17958853,-4954,-5855
17960935,-4951,-5852
17962499,-4948,-5850
17964582,-4944,-5847
17966665,-4940,-5844
17968227,-4937,-5842
17970312,-4933,-5839
17972394,-4929,-5836
17973957,-4927,-5833
17976041,-4923,-5830
17978124,-4918,-5827
17979686,-4915,-5824
17981770,-4911,-5820
17983852,-4907,-5817
17985415,-4903,-5814
17987498,-4899,-5811
17989581,-4894,-5807
17991144,-4891,-5804
17993227,-4886,-5800
17995313,-4881,-5796
17996873,-4878,-5794
17998958,-4873,-5790
18001040,-4868,-5786
18002603,-4865,-5783
18004686,-4860,-5778
18006769,-4855,-5774
18008332,-4851,-5771
18010416,-4845,-5767
18012498,-4840,-5762
18014061,-4836,-5759
18016145,-4831,-5755
18018228,-4825,-5750
18019791,-4821,-5747
18021874,-4816,-5742
18023957,-4810,-5737
18025519,-4806,-5734
18027604,-4800,-5729
18029686,-4795,-5724
18031249,-4790,-5720
18033333,-4784,-5715
18035416,-4779,-5710
18036978,-4774,-5707
18039062,-4768,-5702
18041145,-4762,-5696
18042706,-4757,-5693
18044790,-4751,-5687
18046874,-4745,-5682
18048437,-4740,-5678
18050520,-4734,-5673
18052602,-4728,-5667
18054166,-4723,-5663
18056248,-4717,-5658
18058332,-4710,-5652
18059895,-4705,-5648
18061978,-4699,-5642
18064061,-4692,-5637
18065624,-4687,-5632
18067707,-4680,-5627
18069791,-4673,-5621
18071354,-4669,-5616
18073436,-4662,-5611
18075519,-4655,-5605
18077083,-4650,-5600
18079165,-4643,-5594
18081248,-4636,-5588
18082811,-4631,-5584
18084894,-4625,-5578
18086977,-4618,-5572
18088541,-4613,-5567
18090623,-4606,-5561
18092706,-4599,-5555
18094270,-4594,-5550
18096353,-4587,-5544
18098437,-4579,-5537
18100002,-4574,-5532
18102083,-4567,-5526
18104165,-4560,-5520
18105728,-4555,-5515
18107812,-4547,-5508
18109894,-4540,-5502
18111457,-4535,-5497
18113541,-4527,-5490
18115623,-4520,-5483
18117185,-4515,-5479
18119269,-4507,-5472
18121352,-4500,-5465
18122916,-4494,-5460
18124999,-4487,-5453
18127083,-4479,-5446
18128644,-4473,-5441
18130727,-4466,-5434
18132811,-4458,-5428
18134374,-4452,-5422
18136456,-4445,-5415
18138540,-4437,-5408
18140103,-4431,-5403
18142186,-4423,-5396
18144269,-4415,-5389
18145833,-4409,-5384
18147916,-4401,-5376
18149998,-4393,-5369
18151561,-4387,-5364
18153645,-4379,-5357
18155728,-4371,-5349
18157290,-4365,-5344
18159374,-4357,-5337
18161457,-4349,-5329
18163020,-4343,-5324
18165102,-4335,-5317
18167185,-4327,-5309
18168749,-4320,-5304
18170832,-4312,-5296
18172917,-4303,-5289
18174478,-4297,-5283
18176561,-4289,-5276
18178644,-4281,-5268
18180208,-4274,-5263
18182291,-4266,-5255
18184374,-4257,-5247
18185936,-4251,-5242
18188021,-4242,-5234
18190103,-4234,-5226
18191667,-4227,-5221
18193750,-4219,-5213
18195832,-4210,-5205
18197395,-4204,-5200
18199479,-4195,-5192
18201562,-4186,-5184
18203125,-4180,-5178
18205208,-4171,-5170
18207291,-4162,-5163
18208854,-4156,-5157
18210937,-4147,-5149
18213020,-4138,-5141
18214584,-4131,-5135
18216666,-4123,-5127
18218750,-4113,-5119
18220312,-4107,-5113
18222395,-4098,-5105
18224480,-4089,-5097
18226041,-4082,-5092
18228124,-4073,-5084
18230208,-4064,-5075
18231772,-4057,-5069
18233854,-4048,-5061
18235937,-4039,-5053
18237500,-4033,-5047
18239582,-4024,-5039
18241666,-4015,-5031
18243230,-4008,-5025
18245313,-3999,-5017
18247395,-3991,-5009
18248959,-3984,-5003
18251042,-3975,-4994
18253124,-3966,-4986
18254687,-3959,-4980
18256770,-3950,-4972
18258853,-3941,-4964
18260418,-3934,-4958
18262500,-3925,-4949
18264582,-3916,-4941
18266146,-3909,-4935
18268229,-3900,-4927
18270312,-3891,-4918
18271876,-3884,-4912
18273959,-3875,-4904
18276041,-3866,-4895
18277604,-3859,-4889
18279686,-3850,-4881
18281770,-3841,-4872
18283333,-3834,-4866
18285417,-3824,-4858
18287499,-3815,-4849
18289063,-3808,-4843
18291146,-3799,-4835
18293229,-3789,-4826
18294792,-3782,-4820
18296876,-3773,-4811
18298958,-3763,-4803
18300522,-3756,-4797
18302603,-3747,-4788
18304688,-3737,-4780
18306251,-3730,-4773
18308333,-3721,-4765
18310417,-3711,-4757
18311979,-3704,-4750
18314062,-3695,-4742
18316145,-3685,-4733
18317708,-3678,-4727
18319791,-3669,-4718
18321875,-3659,-4710
18323437,-3652,-4703
18325521,-3642,-4695
18327604,-3632,-4686
18329167,-3625,-4679
18331249,-3616,-4671
18333332,-3606,-4662
18334895,-3599,-4656
18336979,-3589,-4647
18339062,-3579,-4639
18340625,-3572,-4632
18342709,-3562,-4623
18344791,-3552,-4615
18346354,-3545,-4608
18348437,-3535,-4600
18350521,-3525,-4591
18352083,-3518,-4584
18354167,-3508,-4576
18356249,-3499,-4567
18357813,-3491,-4560
18359895,-3481,-4552
18361979,-3472,-4543
18363543,-3464,-4536
18365626,-3454,-4528
18367708,-3445,-4519
18369272,-3437,-4512
18371354,-3427,-4504
18373437,-3417,-4495
18375000,-3410,-4488
18377084,-3401,-4479
18379167,-3391,-4471
18380730,-3383,-4464
18382812,-3374,-4455
18384894,-3364,-4446
18386458,-3357,-4440
18388541,-3347,-4431
18390624,-3337,-4422
18392188,-3330,-4415
18394270,-3321,-4407
18396354,-3311,-4398
18397917,-3304,-4391
18400001,-3294,-4382
18402084,-3284,-4373
18403646,-3277,-4367
18405729,-3267,-4358
18407813,-3257,-4349
18409376,-3250,-4342
18411459,-3241,-4334
18413540,-3231,-4325
18415105,-3223,-4318
18417187,-3214,-4309
18419270,-3204,-4300
18420834,-3197,-4294
18422916,-3187,-4285
18425000,-3177,-4276
18426562,-3170,-4269
18428647,-3160,-4260
18430728,-3151,-4252
18432293,-3143,-4245
18434374,-3134,-4236
18436458,-3124,-4227
18438021,-3117,-4220
18440104,-3107,-4211
18442187,-3097,-4202
18443750,-3090,-4196
18445832,-3080,-4187
18447917,-3070,-4178
18449479,-3063,-4171
18451562,-3053,-4162
18453646,-3043,-4153
18455209,-3036,-4147
18457292,-3027,-4138
18459374,-3017,-4129
18460938,-3009,-4122
18463020,-3000,-4113
18465103,-2990,-4104
18466667,-2983,-4097
18468750,-2973,-4088
18470833,-2963,-4079
18472395,-2956,-4073
18474479,-2946,-4063
18476562,-2936,-4054
18478125,-2929,-4048
18480208,-2919,-4039
18482291,-2909,-4029
18483855,-2901,-4023
18485939,-2891,-4014
18488021,-2881,-4004
18489582,-2874,-3998
18491664,-2864,-3989
18493748,-2854,-3980
18495311,-2847,-3973
18497394,-2837,-3964
18499477,-2827,-3955
18501040,-2819,-3948
18503123,-2809,-3939
18505206,-2799,-3930
18506770,-2792,-3923
18508853,-2782,-3914
18510935,-2772,-3905
18512498,-2765,-3898
18514581,-2755,-3889
18516665,-2745,-3880
18518227,-2737,-3873
18520312,-2727,-3863
18522394,-2717,-3854
18523959,-2710,-3847
18526040,-2700,-3838
18528123,-2690,-3829
18529687,-2682,-3822
18531769,-2672,-3813
18533853,-2662,-3804
18535415,-2655,-3797
18537498,-2645,-3788
18539582,-2635,-3779
18541145,-2627,-3772
18543227,-2617,-3763
18545311,-2607,-3754
18546874,-2599,-3748
18548958,-2589,-3739
18551040,-2579,-3730
18552603,-2571,-3723
18554685,-2561,-3714
18556770,-2551,-3705
18558331,-2543,-3698
18560415,-2533,-3689
18562498,-2523,-3681
18564062,-2515,-3674
18566145,-2505,-3665
18568226,-2494,-3656
18569790,-2487,-3649
18571874,-2477,-3640
18573956,-2467,-3631
18575519,-2459,-3625
18577603,-2449,-3616
18579686,-2438,-3607
18581248,-2431,-3600
18583333,-2421,-3591
18585415,-2410,-3583
18586977,-2403,-3576
18589062,-2392,-3567
18591143,-2382,-3558
18592708,-2375,-3551
18594790,-2364,-3542
18596873,-2354,-3533
18598436,-2347,-3527
18600519,-2336,-3518
18602602,-2326,-3509
18604166,-2318,-3502
18606248,-2308,-3493
18608332,-2298,-3484
18609895,-2290,-3478
18611978,-2280,-3469
18614061,-2269,-3460
18615623,-2262,-3453
18617706,-2252,-3444
18619790,-2241,-3435
18621354,-2234,-3428
18623437,-2223,-3419
18625518,-2213,-3411
18627083,-2205,-3404
18629165,-2195,-3395
18631248,-2185,-3386
18632811,-2177,-3380
18634893,-2167,-3371
18636976,-2157,-3362
18638541,-2149,-3355
18640624,-2139,-3346
18642707,-2129,-3337
18644270,-2122,-3331
18646353,-2112,-3322
18648436,-2101,-3313
18649998,-2094,-3306
18652081,-2084,-3297
18654164,-2074,-3288
18655728,-2066,-3281
18657811,-2056,-3272
18659894,-2046,-3263
18661457,-2038,-3256
18663540,-2028,-3247
18665624,-2018,-3237
18667187,-2010,-3231
18669269,-2000,-3221
18671352,-1990,-3212
18672917,-1982,-3205
18674998,-1972,-3196
18677081,-1962,-3187
18678645,-1954,-3180
18680727,-1944,-3171
18682811,-1934,-3162
18684373,-1927,-3155
18686456,-1916,-3146
18688540,-1906,-3137
18690103,-1898,-3130
18692186,-1888,-3120
18694268,-1878,-3111
18695831,-1870,-3104
18697915,-1860,-3095
18699999,-1850,-3085
18701562,-1842,-3078
18703644,-1832,-3069
18705726,-1822,-3060
18707290,-1814,-3053
18709373,-1804,-3043
18711457,-1793,-3034
18713020,-1786,-3027
18715102,-1775,-3018
18717186,-1765,-3008
18718749,-1757,-3001
18720831,-1747,-2992
18722914,-1737,-2983
18724478,-1729,-2975
18726561,-1719,-2966
18728644,-1709,-2957
18730208,-1701,-2949
18732289,-1691,-2940
18734373,-1680,-2931
18735936,-1673,-2924
18738020,-1662,-2914
18740101,-1652,-2905
18741665,-1644,-2898
18743748,-1634,-2888
18745831,-1624,-2879
18747394,-1616,-2872
18749478,-1605,-2862
18751560,-1595,-2853
18753125,-1587,-2846
18755207,-1577,-2836
18757289,-1567,-2827
18758853,-1559,-2819
18760936,-1549,-2810
18763019,-1539,-2801
18764582,-1531,-2793
18766665,-1521,-2784
18768749,-1511,-2774
18770311,-1503,-2767
18772393,-1493,-2758
18774477,-1483,-2748
18776040,-1475,-2741
18778124,-1465,-2732
18780206,-1455,-2722
18781769,-1447,-2715
18783852,-1437,-2705
18785935,-1427,-2696
18787499,-1419,-2689
18789582,-1409,-2679
18791665,-1399,-2670
18793228,-1391,-2663
18795311,-1381,-2653
18797394,-1371,-2644
18798958,-1363,-2637
18801039,-1353,-2627
18803123,-1343,-2618
18804686,-1335,-2611
18806769,-1325,-2601
18808852,-1315,-2592
18810414,-1307,-2585
18812498,-1297,-2575
18814581,-1287,-2566
18816144,-1279,-2558
18818228,-1269,-2549
18820310,-1258,-2540
18821874,-1251,-2532
18823958,-1240,-2523
18826040,-1230,-2513
18827603,-1222,-2506
18829685,-1212,-2497
18831769,-1202,-2487
18833332,-1194,-2480
18835415,-1184,-2471
18837498,-1173,-2461
18839060,-1166,-2454
18841144,-1156,-2445
18843226,-1145,-2435
18844791,-1137,-2428
18846873,-1127,-2419
18848956,-1117,-2409
18850519,-1109,-2402
18852603,-1099,-2393
18854686,-1089,-2383
18856250,-1081,-2376
18858333,-1071,-2367
18860417,-1060,-2357
18861979,-1053,-2350
18864062,-1042,-2341
18866145,-1032,-2331
18867708,-1024,-2324
18869792,-1014,-2315
18871876,-1003,-2305
18873438,-996,-2298
18875521,-985,-2288
18877084,-978,-2281
18879166,-967,-2272
18880729,-960,-2265
18882812,-949,-2255
18884376,-941,-2248
18886458,-931,-2239
18888021,-924,-2232
18890105,-913,-2222
18891667,-906,-2215
18893749,-896,-2206
18895313,-888,-2199
18897395,-878,-2189
18898959,-871,-2182
18901041,-860,-2173
18902604,-853,-2166
18904687,-843,-2156
18906250,-835,-2149
18908332,-825,-2140
18909896,-817,-2133
18911980,-807,-2123
18913543,-799,-2116
18915625,-789,-2107
18917187,-782,-2100
18919271,-772,-2091
18920833,-764,-2084
18922917,-754,-2074
18924479,-746,-2067
18926562,-736,-2058
18928126,-729,-2051
18930208,-718,-2042
18931770,-711,-2035
18933854,-701,-2025
18935417,-693,-2018
18937499,-683,-2009
18939063,-675,-2002
18941145,-665,-1993
18942708,-657,-1986
18944793,-647,-1976
18946356,-639,-1969
18948437,-629,-1960
18950001,-622,-1953
18952084,-611,-1944
18953646,-604,-1937
18955730,-594,-1927
18957293,-586,-1920
18959374,-576,-1911
18960937,-568,-1904
18963021,-558,-1895
18964583,-550,-1888
18966666,-540,-1879
18968230,-533,-1871
18970313,-522,-1862
18971875,-515,-1855
18973958,-505,-1846
18975520,-497,-1839
18977604,-487,-1830
18979167,-479,-1823
18981250,-469,-1814
18982812,-461,-1807
18984895,-451,-1797
18986459,-443,-1790
18988541,-433,-1781
18990104,-426,-1774
18992187,-415,-1765
18993750,-408,-1758
18995833,-397,-1749
18997396,-390,-1742
18999479,-380,-1733
19001042,-372,-1726
19003124,-362,-1717
19004688,-354,-1710
19006770,-344,-1701
19008332,-337,-1694
19010417,-327,-1685
19011979,-319,-1678
19014062,-309,-1669
19015626,-301,-1662
19017708,-292,-1653
19019270,-284,-1646
19021353,-274,-1637
19022917,-267,-1630
19025000,-257,-1621
19026562,-249,-1614
19028646,-239,-1605
19030208,-232,-1598
19032291,-222,-1589
19033855,-215,-1582
19035938,-205,-1573
19037500,-197,-1566
19039583,-187,-1557
19041146,-180,-1551
19043229,-170,-1542
19044792,-162,-1535
19046875,-152,-1526
19048439,-145,-1519
19050521,-135,-1511
19052084,-127,-1504
19054167,-117,-1495
19055729,-110,-1489
19057811,-100,-1480
19059376,-93,-1473
19061458,-83,-1464
19063021,-75,-1458
19064582,-68,-1451
19066666,-58,-1442
19068229,-50,-1436
19069791,-43,-1429
19071875,-33,-1420
19073437,-25,-1414
19074999,-18,-1407
19077082,-8,-1398
19078645,-1,-1392
19080208,7,-1385
19081772,14,-1378
19083334,22,-1372
19084895,29,-1365
19086459,37,-1358
19088541,47,-1350
19090103,54,-1343
19091667,61,-1336
19093228,69,-1330
19094791,76,-1323
19096354,84,-1317
19098437,94,-1308
19099999,101,-1301
19101563,109,-1295
19103125,116,-1288
19105208,126,-1279
19106771,133,-1273
19108334,141,-1266
19110417,151,-1257
19111979,158,-1251
19113542,165,-1244
19115624,175,-1235
19117187,183,-1229
19118750,190,-1222
19120834,200,-1213
19122396,207,-1207
19123959,215,-1200
19126042,225,-1192
19127604,232,-1185
19129166,239,-1178
19131249,249,-1170
19132811,257,-1163
19134375,264,-1157
19136457,274,-1148
19138021,281,-1141
19139584,289,-1135
19141665,298,-1126
19143228,305,-1120
19144792,313,-1113
19146874,322,-1105
19148436,329,-1098
19150000,337,-1092
19152082,346,-1083
19153645,353,-1077
19155208,361,-1070
19157290,370,-1062
19158854,377,-1055
19160416,384,-1049
19162498,394,-1040
19164061,401,-1034
19165624,408,-1027
19167706,418,-1019
19169269,425,-1012
19170832,432,-1006
19172915,442,-997
19174477,449,-991
19176041,456,-984
19177603,463,-978
19179168,471,-971
19181249,480,-963
19182810,487,-957
19184373,494,-950
19185936,501,-944
19187498,509,-938
19189062,516,-931
19191144,525,-923
19192709,533,-916
19194270,539,-910
19195832,547,-904
19197395,554,-897
19198958,561,-891
19201040,570,-883
19202603,577,-876
19204165,585,-870
19205729,592,-864
19207292,599,-857
19208852,606,-851
19210935,615,-843
19212499,623,-837
19214061,629,-830
19215625,637,-824
19217186,644,-818
19218750,651,-812
19220832,660,-803
19222394,667,-797
19223958,674,-791
19225519,681,-785
19227083,688,-778
19228645,695,-772
19230727,705,-764
19232290,712,-758
19233852,719,-752
19235417,726,-745
19236978,733,-739
19238542,740,-733
19240623,749,-725
19242186,756,-719
19243749,763,-713
19245312,770,-707
19246874,777,-701
19248437,784,-694
19250519,793,-686
19252083,800,-680
19253645,807,-674
19255207,814,-668
19256770,821,-662
19258332,828,-656
19260415,837,-648
19261978,844,-642
19263541,851,-636
19265104,857,-630
19266666,864,-624
19268228,871,-618
19270312,880,-610
19271875,887,-604
19273437,893,-599
19274998,900,-593
19276562,907,-587
19278125,913,-581
19280207,922,-573
19281770,929,-567
19283332,935,-561
19284896,942,-555
19286459,948,-549
19288021,955,-544
19290102,963,-536
19291666,970,-530
19293228,976,-524
19294791,983,-519
19296353,989,-513
19297916,995,-507
19299999,1004,-499
19301562,1011,-494
19303124,1017,-488
19305208,1025,-480
19306769,1032,-475
19308332,1038,-469
19310416,1047,-462
19311978,1053,-456
19313541,1059,-450
19315624,1068,-443
19317186,1074,-437
19318749,1080,-432
19320832,1089,-424
19322395,1095,-419
19323958,1101,-413
19326040,1109,-406
19327603,1116,-400
19329165,1122,-395
19331248,1130,-388
19332812,1137,-382
19334375,1143,-377
19336457,1151,-369
19338020,1157,-364
19339582,1163,-359
19341665,1171,-352
19343229,1178,-346
19344791,1184,-341
19346873,1192,-334
19348438,1198,-328
19349999,1204,-323
19352082,1212,-316
19353644,1218,-311
19355208,1224,-306
19357290,1232,-299
19358855,1239,-293
19360415,1244,-288
19362499,1253,-281
19364062,1258,-276
19365625,1265,-271
19367707,1272,-264
19369270,1278,-259
19370833,1284,-254
19372916,1292,-248
19374478,1298,-242
19376041,1304,-237
19378124,1312,-231
19379686,1317,-226
19381248,1323,-221
19383332,1331,-214
19384895,1337,-210
19386457,1343,-205
19388540,1351,-198
19390104,1356,-193
19391665,1362,-189
19393749,1370,-182
19395312,1375,-177
19396874,1381,-173
19398958,1389,-167
19400520,1394,-162
19402081,1400,-157
19404164,1407,-151
19405729,1413,-146
19407291,1419,-142
19409374,1426,-136
19410937,1432,-131
19412499,1437,-127
19414581,1445,-121
19416145,1450,-117
19417708,1455,-112
19419789,1463,-106
19421353,1468,-102
19422915,1473,-98
19424478,1479,-93
19426560,1486,-88
19428124,1491,-83
19429686,1497,-79
19431249,1502,-75
19432810,1507,-71
19434374,1513,-67
19436457,1520,-61
19438020,1525,-57
19439582,1530,-53
19441144,1535,-49
19442707,1540,-45
19444270,1545,-41
19446353,1551,-36
19447916,1556,-32
19449478,1561,-28
19451042,1565,-24
19452603,1570,-21
19454166,1575,-17
19456249,1581,-12
19457811,1586,-8
19459373,1591,-5
19460936,1595,-1
19462499,1600,2
19464060,1605,6
19465103,1608,8
19466667,1613,12
19468229,1617,15
19469791,1621,19
19471353,1626,22
19472915,1631,25
19474479,1635,29
19476041,1639,32
19477603,1644,35
19479166,1648,38
19480728,1653,41
19482291,1657,44
19483854,1661,48
19485415,1665,51
19486979,1670,54
19488541,1674,56
19490103,1678,59
19491666,1682,62
19493229,1687,65
19494791,1691,68
19496353,1695,71
19497915,1699,73
19499478,1703,76
19501041,1707,79
19502603,1711,81
19504165,1715,84
19505728,1718,86
19507291,1722,88
19508853,1726,91
19510416,1730,93
19511978,1733,95
19513541,1737,98
19515103,1741,100
19516666,1745,102
19518748,1749,105
19520311,1753,107
19521874,1756,109
19523437,1760,111
19524999,1763,112
19526562,1767,114
19528645,1771,117
19530208,1775,118
19531770,1778,120
19533332,1781,121
19534894,1784,123
19536459,1787,125
19538539,1791,126
19540102,1795,128
19541664,1797,129
19543228,1801,130
19544792,1804,132
1404799,0,0
1404859,0,0
1404908,0,0
1404956,0,0
1405005,0,0
1405055,0,0
1405814,0,0
1406855,0,0
1407897,0,0
1408939,0,0
1409981,0,0
1411023,0,0
1412584,0,0
1413626,0,0
1414668,0,0
1415710,0,0
1416752,0,0
1417794,0,0
1419355,0,0
1420397,0,0
1421439,0,0
1422481,0,0
1423522,0,0
1424564,0,0
1426126,0,0
1427168,0,0
1428209,0,0
1429251,0,0
1430292,0,0
1431335,0,0
1432897,0,0
1433939,0,0
1434980,0,0
1436022,0,0
1437064,0,0
1438106,0,0
1439668,0,0
1440709,0,0
1441751,0,0
1442794,0,0
1443835,0,0
1444877,-1,0
1446438,-1,0
1447481,-1,0
1448522,-1,0
1450085,-1,0
1451127,-2,0
1452168,-2,0
1453731,-2,0
1454773,-3,0
1455815,-3,-1
1457376,-3,-1
1458419,-4,-1
1459981,-4,-1
1461023,-5,-1
1462584,-5,-2
1463627,-6,-2
1465189,-6,-2
1466231,-7,-3
1467793,-7,-3
1468835,-7,-3
1470398,-8,-4
1471439,-9,-4
1473002,-9,-5
1474043,-10,-5
1475606,-11,-6
1477169,-12,-7
1478211,-12,-7
1479772,-13,-8
1481335,-14,-9
1482377,-15,-9
1483939,-16,-10
1485502,-17,-11
1487064,-19,-12
1488627,-20,-13
1489669,-21,-14
1491231,-22,-15
1492794,-23,-16
1494357,-25,-18
1495918,-26,-19
1497481,-28,-20
1498523,-29,-21
1500086,-31,-23
1501648,-33,-24
1503211,-34,-26
1504773,-36,-28
1506335,-38,-29
1507378,-40,-31
1508941,-42,-32
1510503,-44,-34
1512064,-46,-36
1513628,-48,-38
1515189,-51,-40
1516232,-52,-42
1517794,-55,-44
1519356,-57,-46
1520919,-59,-49
1522481,-62,-51
1524045,-65,-54
1525086,-67,-55
1526648,-69,-58
1528211,-72,-60
1529773,-75,-63
1531335,-78,-66
1532897,-81,-69
1533940,-83,-71
1535502,-86,-74
1537064,-89,-77
1538627,-93,-80
1540189,-96,-83
1541753,-100,-86
1543314,-103,-90
1544877,-107,-93
1546440,-110,-96
1548002,-114,-100
1549564,-118,-104
1551127,-121,-107
1552689,-125,-111
1554252,-129,-115
1555816,-133,-119
1557897,-139,-124
1559460,-143,-128
1561023,-147,-132
1562586,-151,-136
1564148,-155,-140
1565711,-159,-144
1567800,-163,-149
1569363,-167,-153
1570925,-171,-158
1572487,-174,-162
1574049,-178,-166
1575612,-182,-171
1577696,-187,-177
1579258,-191,-181
1580821,-195,-186
1582383,-199,-190
1583945,-204,-195
1585508,-208,-200
1587590,-214,-206
1589154,-219,-211
1590715,-223,-216
1592278,-227,-221
1593841,-232,-226
1595405,-236,-231
1597487,-242,-237
1599050,-247,-242
1600612,-251,-247
1602175,-255,-252
1603737,-260,-257
1605300,-264,-262
1607384,-271,-269
1608946,-275,-274
1610508,-280,-279
1612071,-285,-284
1613633,-290,-289
1615196,-295,-294
1617279,-301,-302
1618841,-307,-307
1620404,-312,-312
1621966,-317,-318
1623528,-322,-323
1625091,-327,-328
1627175,-334,-336
1628736,-339,-341
1630299,-344,-346
1631862,-349,-352
1633425,-355,-357
1634987,-360,-363
1637070,-367,-370
1638633,-373,-376
1640195,-378,-382
1641759,-384,-388
1643321,-389,-393
1644884,-395,-399
1646965,-402,-407
1648528,-407,-413
1650091,-413,-419
1651653,-418,-425
1653217,-424,-431
1654779,-429,-437
1656862,-437,-445
1658424,-442,-451
1659987,-448,-457
1661550,-454,-463
1663112,-459,-469
1664675,-465,-475
1666757,-473,-484
1668320,-478,-490
1669883,-484,-496
1671446,-490,-503
1673009,-496,-509
1674571,-501,-516
1676653,-509,-524
1678217,-515,-531
1679779,-521,-537
1681342,-527,-544
1682905,-533,-550
1684467,-539,-557
1686548,-547,-565
1688112,-553,-572
1689674,-559,-579
1691237,-565,-585
1692800,-571,-592
1694361,-577,-599
1696444,-585,-608
1698006,-591,-615
1699570,-597,-622
1701132,-604,-628
1702694,-610,-635
1704257,-616,-642
1706340,-625,-651
1707901,-631,-658
1709465,-637,-665
1711028,-643,-672
1712590,-650,-679
1714152,-656,-686
1716235,-664,-695
1717799,-671,-702
1719360,-677,-709
1720924,-684,-716
1722486,-690,-723
1724048,-697,-730
1726131,-705,-739
1727694,-712,-746
1729256,-718,-753
1730820,-725,-760
1732382,-731,-767
1733945,-738,-774
1736028,-746,-784
1737590,-753,-791
1739152,-759,-798
1740715,-766,-805
1742277,-773,-812
1743840,-779,-819
1745922,-788,-829
1747485,-795,-836
1749048,-801,-843
1750611,-808,-850
1752173,-815,-857
1753737,-821,-864
1755820,-831,-874
1757381,-837,-881
1758944,-844,-888
1760507,-851,-896
1762069,-857,-903
1763632,-864,-910
1765714,-873,-920
1767278,-880,-927
1768840,-887,-935
1770402,-893,-942
1771958,-900,-949
1773527,-907,-957
1775610,-916,-966
1777174,-923,-974
1778735,-930,-981
1780298,-937,-988
1781861,-944,-996
1783423,-951,-1003
1785506,-960,-1013
1787069,-967,-1020
1788632,-974,-1028
1790714,-983,-1037
1792277,-990,-1045
1793840,-997,-1052
1795922,-1006,-1062
1797486,-1013,-1069
1799568,-1021,-1079
1801132,-1028,-1087
1803215,-1037,-1096
1804778,-1044,-1104
1806861,-1053,-1114
1808423,-1060,-1121
1810507,-1069,-1131
1812069,-1076,-1138
1814151,-1085,-1148
1815715,-1092,-1156
1817798,-1101,-1166
1819361,-1109,-1173
1821445,-1118,-1183
1823007,-1125,-1191
1825090,-1134,-1200
1826652,-1141,-1208
1828735,-1150,-1218
1830299,-1157,-1225
1832382,-1166,-1235
1833944,-1173,-1243
1836028,-1183,-1253
1837590,-1189,-1260
1839673,-1199,-1270
1841236,-1206,-1277
1843319,-1215,-1287
1844882,-1222,-1294
1846965,-1231,-1304
1848529,-1239,-1312
1850611,-1248,-1322
1852173,-1255,-1329
1854256,-1264,-1339
1855820,-1271,-1346
1857904,-1281,-1356
1859466,-1288,-1363
1861549,-1297,-1373
1863112,-1304,-1380
1865195,-1313,-1390
1866759,-1321,-1398
1868841,-1330,-1407
1870403,-1337,-1415
1872488,-1346,-1425
1874049,-1353,-1432
1876133,-1363,-1442
1877696,-1370,-1449
1879778,-1379,-1459
1881341,-1386,-1466
1883425,-1395,-1476
1884988,-1403,-1483
1887070,-1412,-1493
1888632,-1419,-1500
1890717,-1429,-1510
1892278,-1435,-1518
1894363,-1445,-1528
1895925,-1452,-1535
1898008,-1461,-1545
1899571,-1468,-1552
1901654,-1478,-1562
1903216,-1485,-1569
1905300,-1494,-1579
1906863,-1501,-1587
1908946,-1511,-1596
1910509,-1517,-1604
1912591,-1527,-1614
1914153,-1534,-1621
1916236,-1543,-1631
1917800,-1550,-1638
1919883,-1560,-1648
1921446,-1567,-1655
1923528,-1576,-1665
1925091,-1583,-1672
1927175,-1593,-1682
1928738,-1600,-1689
1930820,-1609,-1699
1932384,-1616,-1707
1934466,-1625,-1716
1936030,-1632,-1724
1938112,-1641,-1733
1939675,-1648,-1741
1941757,-1657,-1750
1943321,-1664,-1758
1945403,-1673,-1767
1946967,-1680,-1775
1949050,-1689,-1784
1950613,-1696,-1792
1952695,-1705,-1801
1954259,-1713,-1809
1956342,-1722,-1818
1957905,-1729,-1826
1959986,-1738,-1835
1961550,-1745,-1842
1963632,-1754,-1852
1965195,-1761,-1859
1967278,-1770,-1869
1968841,-1777,-1876
1970924,-1786,-1886
1972487,-1793,-1893
1974570,-1803,-1903
1976132,-1809,-1910
1978216,-1819,-1920
1979779,-1826,-1927
1981862,-1835,-1937
1983425,-1842,-1944
1985507,-1851,-1953
1987071,-1858,-1961
1989154,-1867,-1970
1990717,-1875,-1977
1992800,-1884,-1987
1994362,-1891,-1994
1996445,-1900,-2004
1998011,-1907,-2011
2000093,-1916,-2021
2001656,-1923,-2028
2003738,-1932,-2037
2005302,-1939,-2044
2007385,-1949,-2054
2008948,-1955,-2061
2011031,-1965,-2070
2012594,-1972,-2077
2014677,-1981,-2087
2016240,-1988,-2094
2018323,-1997,-2103
2019885,-2004,-2110
2021968,-2013,-2120
2023532,-2020,-2127
2025613,-2029,-2136
2027177,-2036,-2143
2029260,-2045,-2152
2030823,-2052,-2159
2032906,-2061,-2169
2034469,-2068,-2176
2036552,-2077,-2185
2038115,-2084,-2192
2040197,-2093,-2201
2041760,-2100,-2208
2043844,-2109,-2217
2045407,-2116,-2224
2047490,-2125,-2233
2049052,-2131,-2240
2051135,-2140,-2249
2052698,-2147,-2256
2054781,-2155,-2265
2056344,-2162,-2272
2058426,-2171,-2281
2059990,-2178,-2288
2062073,-2187,-2297
2063635,-2193,-2304
2065718,-2202,-2313
2067281,-2209,-2319
2069363,-2217,-2328
2070927,-2224,-2335
2073010,-2233,-2344
2074574,-2239,-2351
2076656,-2248,-2360
2078218,-2254,-2366
2080302,-2263,-2375
2081865,-2269,-2382
2083947,-2278,-2390
2085511,-2284,-2397
2087593,-2293,-2406
2089157,-2299,-2412
2091239,-2307,-2421
2092803,-2314,-2427
2094885,-2322,-2436
2096448,-2329,-2443
2098531,-2337,-2451
2100093,-2343,-2458
2102177,-2351,-2466
2103740,-2358,-2473
2105823,-2366,-2481
2107385,-2372,-2488
2109468,-2380,-2496
2111033,-2386,-2503
2113114,-2395,-2511
2114677,-2401,-2517
2116761,-2409,-2526
2118323,-2415,-2532
2120406,-2423,-2540
2121969,-2429,-2546
2124051,-2437,-2554
2125614,-2443,-2561
2127697,-2451,-2569
2129260,-2457,-2575
2131344,-2465,-2583
2132907,-2470,-2589
2134989,-2478,-2597
2136552,-2484,-2603
2138635,-2492,-2611
2140197,-2497,-2617
2142281,-2505,-2625
2143844,-2511,-2631
2145927,-2519,-2639
2147490,-2524,-2645
2149572,-2532,-2652
2151135,-2537,-2658
2153218,-2545,-2666
2154782,-2551,-2672
2156865,-2558,-2679
2158426,-2563,-2685
2160509,-2571,-2692
2162073,-2576,-2698
2164156,-2583,-2705
2165719,-2589,-2711
2167802,-2596,-2718
2169365,-2601,-2724
2171447,-2608,-2731
2173012,-2614,-2736
2175093,-2621,-2743
2176657,-2626,-2749
2178739,-2633,-2756
2180302,-2638,-2761
2182385,-2645,-2768
2183947,-2650,-2773
2186031,-2657,-2780
2187594,-2661,-2785
2189677,-2668,-2792
2191239,-2673,-2797
2193322,-2680,-2803
2194884,-2684,-2808
2196969,-2691,-2815
2198530,-2695,-2820
2200614,-2702,-2826
2202177,-2707,-2831
2204259,-2713,-2837
2205825,-2717,-2842
2207906,-2723,-2848
2209469,-2728,-2852
2211552,-2734,-2858
2213115,-2738,-2863
2215198,-2744,-2868
2216760,-2748,-2873
2218843,-2754,-2878
2220406,-2758,-2883
2222489,-2764,-2888
2224051,-2768,-2892
2226132,-2773,-2898
2227698,-2777,-2902
2229780,-2783,-2907
2231343,-2787,-2911
2233427,-2792,-2916
2234989,-2795,-2920
2237072,-2801,-2925
2238634,-2804,-2929
2240718,-2809,-2934
2242281,-2813,-2937
2244364,-2817,-2942
2245926,-2821,-2945
2248010,-2826,-2950
2249572,-2829,-2953
2251655,-2833,-2957
2253218,-2836,-2960
2255302,-2841,-2964
2256865,-2844,-2967
2258947,-2847,-2971
2260509,-2850,-2974
2262592,-2854,-2978
2264155,-2856,-2980
2266239,-2860,-2984
2267802,-2862,-2986
2269884,-2865,-2989
2271447,-2867,-2991
2273529,-2870,-2994
2275092,-2872,-2996
2277176,-2874,-2998
2278739,-2876,-3000
2280822,-2878,-3002
2282384,-2880,-3004
2284466,-2881,-3006
2286031,-2883,-3007
2288114,-2884,-3009
2289677,-2885,-3010
2291759,-2887,-3011
2293323,-2887,-3012
2295405,-2889,-3012
2296967,-2889,-3013
2299051,-2890,-3013
2300614,-2890,-3013
2302697,-2891,-3014
2304259,-2891,-3014
2306343,-2891,-3013
2307905,-2891,-3013
2309988,-2891,-3013
2311551,-2891,-3013
2313634,-2891,-3013
2315196,-2891,-3013
2317280,-2891,-3012
2318842,-2891,-3012
2320925,-2891,-3012
2322489,-2891,-3012
2324571,-2890,-3011
2326134,-2890,-3011
2328217,-2890,-3010
2329780,-2890,-3010
2331864,-2889,-3009
2333426,-2889,-3009
2335509,-2888,-3008
2337071,-2888,-3007
2339155,-2887,-3006
2340717,-2887,-3006
2342802,-2886,-3005
2344364,-2885,-3004
2346446,-2884,-3003
2348010,-2883,-3002
2350093,-2882,-3001
2351655,-2881,-3000
2353739,-2880,-2998
2355301,-2879,-2997
2357385,-2877,-2996
2358947,-2876,-2995
2361030,-2875,-2993
2362593,-2873,-2992
2364676,-2872,-2990
2366240,-2871,-2988
2368322,-2869,-2986
2369885,-2867,-2985
2371968,-2865,-2983
2373531,-2864,-2981
2375613,-2862,-2979
2377176,-2860,-2977
2379260,-2858,-2974
2380823,-2856,-2972
2382904,-2854,-2970
2384469,-2852,-2967
2386552,-2850,-2965
2388114,-2848,-2962
2390198,-2845,-2960
2391759,-2844,-2957
2393844,-2841,-2954
2395405,-2839,-2952
2397488,-2836,-2948
2399050,-2834,-2946
2401135,-2831,-2942
2402697,-2829,-2940
2404780,-2826,-2936
2406343,-2824,-2933
2408426,-2821,-2929
2409989,-2818,-2926
2412071,-2815,-2922
2413635,-2812,-2919
2415718,-2808,-2915
2417281,-2806,-2912
2419364,-2802,-2907
2420927,-2799,-2904
2423010,-2795,-2899
2424571,-2792,-2896
2426656,-2788,-2891
2428218,-2785,-2888
2430301,-2781,-2883
2431865,-2777,-2879
2433947,-2773,-2874
2435510,-2770,-2870
2437593,-2765,-2865
2439156,-2761,-2861
2441238,-2757,-2856
2442802,-2753,-2852
2444885,-2748,-2847
2446448,-2745,-2842
2448529,-2739,-2837
2450093,-2735,-2833
2452177,-2730,-2827
2453741,-2726,-2822
2455823,-2721,-2817
2457386,-2717,-2812
2459469,-2711,-2806
2461032,-2707,-2802
2463116,-2701,-2795
2464678,-2697,-2791
2466761,-2692,-2784
2468324,-2687,-2780
2470406,-2681,-2773
2471969,-2677,-2769
2474053,-2671,-2762
2475615,-2667,-2757
2477700,-2660,-2750
2479262,-2656,-2745
2481344,-2649,-2739
2482908,-2645,-2734
2484990,-2639,-2727
2486552,-2634,-2722
2488635,-2627,-2715
2490198,-2623,-2710
2492281,-2616,-2703
2493845,-2611,-2697
2495928,-2604,-2690
2497490,-2599,-2685
2499573,-2592,-2678
2501136,-2587,-2673
2503220,-2580,-2665
2504782,-2575,-2660
2506865,-2568,-2653
2508428,-2563,-2647
2510511,-2556,-2640
2512074,-2550,-2634
2514156,-2543,-2627
2515720,-2538,-2621
2517802,-2530,-2614
2519365,-2525,-2608
2521448,-2517,-2600
2523012,-2512,-2594
2525094,-2504,-2587
2526658,-2499,-2581
2528740,-2491,-2573
2530304,-2485,-2567
2532387,-2478,-2559
2533949,-2472,-2554
2536033,-2464,-2546
2537595,-2458,-2540
2539677,-2450,-2532
2541241,-2444,-2526
2543323,-2437,-2518
2544886,-2431,-2512
2546969,-2423,-2504
2548531,-2417,-2498
2550614,-2409,-2490
2552179,-2402,-2483
2554260,-2394,-2475
2555824,-2388,-2469
2557907,-2380,-2461
2559469,-2373,-2455
2561553,-2365,-2446
2563117,-2359,-2440
2565198,-2350,-2432
2566761,-2344,-2426
2568844,-2335,-2418
2570407,-2329,-2411
2572490,-2321,-2403
2574052,-2314,-2397
2576136,-2306,-2388
2577698,-2299,-2382
2579781,-2291,-2374
2581344,-2284,-2367
2583428,-2275,-2359
2584991,-2269,-2352
2587073,-2260,-2344
2588637,-2254,-2338
2590720,-2245,-2329
2592282,-2239,-2323
2594366,-2230,-2314
2595927,-2223,-2308
2598011,-2214,-2299
2599572,-2208,-2293
2601656,-2199,-2284
2603218,-2193,-2278
2605302,-2184,-2269
2606864,-2177,-2263
2608947,-2168,-2254
2610509,-2162,-2248
2612594,-2153,-2239
2614156,-2146,-2233
2616239,-2137,-2224
2617802,-2131,-2218
2619884,-2121,-2209
2621448,-2115,-2203
2623529,-2106,-2194
2625092,-2099,-2188
2627176,-2090,-2179
2628738,-2083,-2172
2630821,-2074,-2164
2632384,-2067,-2157
2634469,-2058,-2148
2636032,-2051,-2142
2638114,-2042,-2133
2639676,-2035,-2127
2641759,-2026,-2118
2643323,-2019,-2111
2645405,-2010,-2103
2646969,-2003,-2096
2649051,-1994,-2087
2650616,-1987,-2080
2652696,-1978,-2072
2654259,-1971,-2065
2656342,-1962,-2056
2657906,-1955,-2049
2659989,-1945,-2040
2661551,-1939,-2034
2663635,-1929,-2025
2665198,-1922,-2018
2667280,-1913,-2010
2668843,-1906,-2003
2670926,-1896,-1994
2672489,-1889,-1988
2674572,-1879,-1979
2676135,-1872,-1972
2678218,-1863,-1963
2679780,-1856,-1956
2681862,-1846,-1947
2683427,-1839,-1941
2685510,-1829,-1932
2687072,-1822,-1925
2689155,-1813,-1916
2690718,-1805,-1909
2692802,-1796,-1900
2694364,-1789,-1894
2696447,-1779,-1885
2698009,-1772,-1878
2700093,-1762,-1869
2701655,-1755,-1862
2703738,-1745,-1853
2705301,-1738,-1846
2707385,-1728,-1837
2708948,-1721,-1830
2711031,-1711,-1821
2712592,-1704,-1815
2714676,-1694,-1806
2716238,-1687,-1799
2718322,-1677,-1790
2719884,-1670,-1783
2721968,-1660,-1774
2723530,-1653,-1767
2725613,-1643,-1758
2727177,-1636,-1752
2729259,-1626,-1743
2730821,-1619,-1736
2732905,-1609,-1727
2734468,-1602,-1721
2736551,-1592,-1712
2738114,-1585,-1705
2740196,-1575,-1696
2741760,-1568,-1689
2743844,-1558,-1680
2745405,-1551,-1674
2747489,-1541,-1665
2749052,-1534,-1658
2751135,-1524,-1649
2752698,-1517,-1642
2754781,-1507,-1633
2756342,-1500,-1627
2758425,-1491,-1618
2759989,-1483,-1611
2762071,-1473,-1602
2763636,-1466,-1595
2765719,-1456,-1586
2767280,-1449,-1580
2769366,-1439,-1571
2770928,-1432,-1564
2773011,-1423,-1555
2774574,-1415,-1548
2776657,-1405,-1539
2778220,-1398,-1533
2780303,-1388,-1524
2781866,-1381,-1517
2783949,-1371,-1508
2785512,-1364,-1501
2787594,-1354,-1492
2789158,-1347,-1486
2791240,-1337,-1477
2792803,-1330,-1470
2794886,-1320,-1461
2796448,-1313,-1454
2798532,-1303,-1445
2800094,-1296,-1439
2802178,-1286,-1430
2803741,-1279,-1423
2805824,-1269,-1414
2807386,-1262,-1407
2809470,-1252,-1398
2811032,-1245,-1392
2813115,-1235,-1383
2814678,-1228,-1376
2816761,-1218,-1367
2818324,-1211,-1360
2820406,-1201,-1352
2821969,-1194,-1345
2824053,-1184,-1336
2825615,-1177,-1329
2827698,-1167,-1320
2829261,-1160,-1314
2831344,-1150,-1305
2832907,-1143,-1298
2834990,-1133,-1289
2836552,-1126,-1282
2838637,-1117,-1273
2840198,-1109,-1266
2842283,-1099,-1257
2843845,-1092,-1251
2845928,-1083,-1242
2847490,-1075,-1235
2849574,-1066,-1226
2851136,-1059,-1219
2853220,-1049,-1210
2854782,-1042,-1204
2856865,-1032,-1195
2858427,-1025,-1188
2860511,-1015,-1179
2862074,-1008,-1173
2864157,-999,-1164
2865720,-991,-1157
2867283,-985,-1150
2869364,-975,-1142
2870928,-968,-1135
2872491,-961,-1128
2874574,-952,-1119
2876135,-945,-1113
2877699,-938,-1106
2879781,-928,-1097
2881345,-921,-1090
2882907,-915,-1084
2884989,-905,-1075
2886552,-898,-1068
2888116,-891,-1062
2890199,-882,-1053
2891760,-875,-1046
2893324,-868,-1039
2895406,-859,-1030
2896970,-851,-1024
2898532,-845,-1017
2900615,-835,-1008
2902179,-828,-1001
2903740,-821,-995
2905822,-812,-986
2907385,-805,-979
2908948,-799,-972
2910510,-792,-966
2912073,-785,-959
2913635,-778,-953
2915718,-769,-944
2917281,-762,-937
2918844,-755,-930
2920406,-748,-924
2921968,-741,-917
2923532,-735,-910
2925614,-725,-902
2927176,-719,-895
2928739,-712,-888
2930302,-705,-882
2931864,-698,-875
2933427,-691,-868
2935511,-683,-859
2937073,-676,-853
2938635,-669,-846
2940197,-662,-840
2941761,-655,-833
2943323,-649,-826
2945405,-640,-818
2946968,-633,-811
2948532,-627,-804
2950093,-620,-798
2951657,-613,-791
2953219,-607,-785
2955301,-598,-776
2956865,-591,-770
2958427,-585,-763
2959990,-578,-757
2961551,-571,-750
2963114,-565,-744
2965196,-556,-735
2966760,-549,-729
2968322,-543,-723
2969885,-536,-716
2971447,-530,-710
2973012,-523,-703
2975092,-515,-695
2976656,-508,-689
2978218,-502,-682
2979781,-495,-676
2981344,-489,-670
2982907,-482,-663
2984989,-474,-655
2986551,-467,-649
2988115,-461,-642
2989677,-455,-636
2991239,-448,-630
2992802,-442,-624
2994885,-433,-615
2996448,-427,-609
2998010,-421,-603
2999572,-415,-597
3001135,-408,-591
3002698,-402,-585
3004782,-393,-576
3006344,-387,-570
3007906,-381,-564
3009469,-375,-558
3011031,-369,-552
3012595,-363,-546
3014676,-355,-538
3016240,-349,-532
3017803,-343,-526
3019364,-337,-521
3020927,-331,-515
3022489,-325,-509
3024572,-318,-501
3026135,-312,-495
3027698,-306,-489
3029260,-300,-484
3030822,-295,-478
3032385,-289,-472
3034468,-281,-464
3036031,-275,-459
3037593,-269,-453
3039156,-264,-447
3040718,-258,-442
3042282,-252,-436
3044364,-245,-429
3045927,-239,-423
3047489,-234,-418
3049051,-228,-412
3050615,-223,-407
3052177,-217,-401
3054259,-210,-394
3055823,-205,-389
3057385,-199,-383
3058947,-194,-378
3060511,-189,-372
3062073,-183,-367
3064156,-176,-360
3065718,-171,-355
3067281,-166,-350
3068843,-161,-345
3070406,-155,-340
3071968,-151,-335
3074051,-144,-328
3075613,-139,-323
3077178,-133,-318
3078740,-129,-313
3080303,-124,-309
3081864,-119,-304
3083949,-112,-297
3085510,-108,-293
3087073,-103,-288
3088636,-98,-283
3090198,-93,-279
3091759,-89,-274
3093323,-84,-270
3094885,-79,-265
3096448,-75,-261
3098011,-70,-256
3099573,-66,-252
3101135,-61,-248
3102697,-57,-243
3104260,-52,-239
3105822,-48,-235
3107385,-44,-231
3108948,-40,-226
3110510,-35,-222
